order_id,user_id,status,gender,created_at,returned_at,shipped_at,delivered_at,num_of_item
101495,81010,Returned,M,2023-11-24 10:56:00+00:00,2023-11-28 23:54:00+00:00,2023-11-26 20:11:00+00:00,2023-11-28 04:02:00+00:00,1
114716,91634,Shipped,F,2023-12-24 17:35:00+00:00,,2023-12-27 12:55:00+00:00,,1
21771,17363,Shipped,M,2023-12-07 17:07:00+00:00,,2023-12-09 04:38:00+00:00,,2
5703,4505,Shipped,F,2023-10-07 09:11:00+00:00,,2023-10-07 23:19:00+00:00,,1
49022,39243,Shipped,F,2023-11-16 01:01:00+00:00,,2023-11-16 03:51:00+00:00,,1
96594,77088,Shipped,M,2023-11-25 13:07:00+00:00,,2023-11-27 16:47:00+00:00,,3
47824,38261,Shipped,M,2023-12-09 14:47:00+00:00,,2023-12-11 07:37:00+00:00,,1
69302,55376,Processing,F,2023-12-09 01:32:00+00:00,,,,4
100287,80061,Shipped,F,2023-12-07 07:43:00+00:00,,2023-12-08 09:27:00+00:00,,1
25820,20601,Complete,F,2023-10-04 10:51:00+00:00,,2023-10-06 19:48:00+00:00,2023-10-11 14:44:00+00:00,2
10285,8187,Complete,F,2023-12-23 01:02:00+00:00,,2023-12-24 01:27:00+00:00,2023-12-28 09:09:00+00:00,1
95046,75832,Shipped,M,2023-10-20 03:25:00+00:00,,2023-10-21 18:13:00+00:00,,2
96550,77056,Processing,F,2023-11-24 08:21:00+00:00,,,,1
105131,83960,Complete,F,2023-11-23 04:09:00+00:00,,2023-11-23 04:55:00+00:00,2023-11-24 12:15:00+00:00,1
221,175,Processing,F,2023-11-03 06:27:00+00:00,,,,1
34329,27520,Shipped,F,2023-11-25 10:53:00+00:00,,2023-11-27 06:14:00+00:00,,1
69133,55255,Cancelled,M,2023-10-29 10:20:00+00:00,,,,1
81734,65178,Shipped,F,2023-12-27 01:33:00+00:00,,2023-12-29 22:18:00+00:00,,2
33996,27248,Processing,M,2023-12-04 07:15:00+00:00,,,,1
65172,52059,Returned,M,2023-12-20 18:00:00+00:00,2023-12-28 20:36:00+00:00,2023-12-22 13:47:00+00:00,2023-12-27 02:24:00+00:00,2
36880,29546,Cancelled,F,2023-10-24 03:55:00+00:00,,,,3
111995,89453,Processing,M,2023-12-12 10:02:00+00:00,,,,1
76591,61113,Shipped,F,2023-12-10 13:37:00+00:00,,2023-12-13 00:38:00+00:00,,4
34420,27577,Shipped,F,2023-10-15 16:55:00+00:00,,2023-10-17 05:36:00+00:00,,2
36155,28985,Complete,F,2023-11-08 09:21:00+00:00,,2023-11-11 05:08:00+00:00,2023-11-12 05:54:00+00:00,1
48415,38742,Cancelled,F,2023-10-31 17:04:00+00:00,,,,1
9144,7291,Cancelled,M,2023-11-05 01:54:00+00:00,,,,4
17903,14260,Cancelled,M,2023-11-24 12:22:00+00:00,,,,2
35247,28235,Shipped,M,2023-12-01 04:27:00+00:00,,2023-12-03 22:03:00+00:00,,1
113592,90709,Shipped,F,2023-11-19 03:38:00+00:00,,2023-11-21 20:12:00+00:00,,1
67587,53993,Complete,M,2023-12-05 11:49:00+00:00,,2023-12-06 03:00:00+00:00,2023-12-07 23:18:00+00:00,1
81342,64882,Complete,M,2023-12-27 02:11:00+00:00,,2023-12-30 00:00:00+00:00,2023-12-30 01:56:00+00:00,2
117084,93538,Shipped,F,2023-12-02 05:21:00+00:00,,2023-12-02 20:22:00+00:00,,4
115036,91883,Processing,F,2023-11-19 01:16:00+00:00,,,,1
11926,9567,Shipped,F,2023-12-29 00:44:00+00:00,,2023-12-29 21:50:00+00:00,,1
70759,56525,Shipped,M,2023-12-24 13:10:00+00:00,,2023-12-24 18:02:00+00:00,,1
45215,36193,Processing,F,2023-10-27 09:07:00+00:00,,,,1
107115,85584,Complete,M,2023-10-28 12:00:00+00:00,,2023-10-30 18:10:00+00:00,2023-11-04 06:53:00+00:00,1
14223,11387,Shipped,M,2023-10-18 11:10:00+00:00,,2023-10-19 03:27:00+00:00,,1
124818,99670,Shipped,F,2023-10-16 14:34:00+00:00,,2023-10-18 00:18:00+00:00,,2
18521,14731,Processing,F,2023-11-30 02:16:00+00:00,,,,1
76831,61292,Returned,F,2023-11-01 06:09:00+00:00,2023-11-07 01:52:00+00:00,2023-11-04 03:36:00+00:00,2023-11-04 13:36:00+00:00,1
110704,88435,Processing,F,2023-12-04 07:31:00+00:00,,,,2
36777,29460,Shipped,F,2023-11-26 13:39:00+00:00,,2023-11-28 11:23:00+00:00,,3
119519,95416,Shipped,F,2023-10-26 07:50:00+00:00,,2023-10-27 07:20:00+00:00,,2
36567,29306,Complete,F,2023-11-15 15:35:00+00:00,,2023-11-15 21:05:00+00:00,2023-11-16 21:24:00+00:00,1
72814,58138,Returned,M,2023-12-02 12:18:00+00:00,2023-12-04 22:03:00+00:00,2023-12-04 02:15:00+00:00,2023-12-04 14:16:00+00:00,1
10429,8316,Returned,F,2023-12-07 01:03:00+00:00,2023-12-12 11:32:00+00:00,2023-12-07 18:45:00+00:00,2023-12-10 14:16:00+00:00,2
65587,52395,Shipped,M,2023-11-25 14:13:00+00:00,,2023-11-27 15:25:00+00:00,,2
737,588,Processing,M,2023-12-09 08:27:00+00:00,,,,2
63228,50553,Complete,F,2023-10-09 11:50:00+00:00,,2023-10-12 00:42:00+00:00,2023-10-15 00:52:00+00:00,1
27511,21995,Shipped,M,2023-12-29 17:31:00+00:00,,2024-01-01 08:47:00+00:00,,1
84152,67111,Complete,F,2023-11-23 10:40:00+00:00,,2023-11-23 14:21:00+00:00,2023-11-24 08:16:00+00:00,1
24023,19177,Complete,M,2023-11-02 08:01:00+00:00,,2023-11-04 09:01:00+00:00,2023-11-07 13:36:00+00:00,1
116164,92786,Complete,M,2023-12-07 18:12:00+00:00,,2023-12-10 12:24:00+00:00,2023-12-10 14:24:00+00:00,1
118376,94546,Shipped,M,2023-12-29 12:17:00+00:00,,2023-12-31 09:17:00+00:00,,1
30830,24664,Complete,M,2023-11-05 18:58:00+00:00,,2023-11-08 16:59:00+00:00,2023-11-13 02:10:00+00:00,1
125048,99855,Complete,F,2023-12-20 15:50:00+00:00,,2023-12-20 17:40:00+00:00,2023-12-25 08:45:00+00:00,1
32937,26377,Processing,F,2023-12-31 03:25:00+00:00,,,,1
15561,12454,Processing,F,2023-11-14 08:16:00+00:00,,,,4
35260,28242,Complete,F,2023-10-25 04:35:00+00:00,,2023-10-25 21:26:00+00:00,2023-10-28 00:55:00+00:00,1
123359,98498,Shipped,F,2023-12-22 00:00:00+00:00,,2023-12-23 03:40:00+00:00,,2
71142,56815,Processing,M,2023-11-14 13:42:00+00:00,,,,1
123097,98283,Shipped,M,2023-12-05 08:34:00+00:00,,2023-12-05 09:23:00+00:00,,1
95874,76506,Complete,F,2023-12-02 15:14:00+00:00,,2023-12-04 07:26:00+00:00,2023-12-08 03:41:00+00:00,2
99486,79427,Shipped,F,2023-12-14 11:45:00+00:00,,2023-12-16 23:48:00+00:00,,2
98523,78619,Complete,F,2023-10-12 01:14:00+00:00,,2023-10-13 07:16:00+00:00,2023-10-16 02:34:00+00:00,2
77300,61693,Complete,M,2023-11-23 11:04:00+00:00,,2023-11-26 02:45:00+00:00,2023-11-26 15:39:00+00:00,1
21592,17208,Cancelled,M,2023-12-10 14:35:00+00:00,,,,1
47760,38209,Processing,F,2023-12-21 18:41:00+00:00,,,,4
45918,36761,Returned,M,2023-10-29 12:33:00+00:00,2023-11-06 12:03:00+00:00,2023-10-30 07:27:00+00:00,2023-11-04 07:20:00+00:00,1
29137,23278,Shipped,F,2023-12-26 02:03:00+00:00,,2023-12-28 05:19:00+00:00,,1
38168,30563,Complete,M,2023-12-03 16:00:00+00:00,,2023-12-05 20:32:00+00:00,2023-12-08 15:30:00+00:00,1
10131,8056,Returned,M,2023-12-24 09:51:00+00:00,2024-01-01 07:47:00+00:00,2023-12-26 22:46:00+00:00,2023-12-29 08:19:00+00:00,1
106986,85479,Processing,M,2023-12-03 17:13:00+00:00,,,,3
98457,78568,Processing,F,2023-10-15 02:10:00+00:00,,,,2
115900,92569,Shipped,M,2023-11-02 07:15:00+00:00,,2023-11-03 20:47:00+00:00,,1
114653,91589,Processing,M,2023-10-13 02:17:00+00:00,,,,1
2924,2358,Shipped,M,2023-11-08 13:47:00+00:00,,2023-11-09 06:45:00+00:00,,1
53075,42532,Shipped,M,2023-12-17 12:47:00+00:00,,2023-12-19 23:23:00+00:00,,4
10868,8699,Returned,M,2023-11-09 11:56:00+00:00,2023-11-14 07:57:00+00:00,2023-11-11 16:32:00+00:00,2023-11-13 10:45:00+00:00,3
5102,4042,Processing,F,2023-12-25 18:05:00+00:00,,,,1
62780,50178,Complete,M,2023-10-19 17:51:00+00:00,,2023-10-21 17:49:00+00:00,2023-10-25 09:33:00+00:00,2
96119,76712,Shipped,F,2023-12-11 02:51:00+00:00,,2023-12-13 07:52:00+00:00,,1
52365,41964,Complete,F,2023-12-21 02:02:00+00:00,,2023-12-22 06:18:00+00:00,2023-12-26 08:04:00+00:00,1
85115,67880,Processing,M,2023-10-31 06:42:00+00:00,,,,1
74393,59399,Shipped,M,2023-12-10 18:18:00+00:00,,2023-12-12 13:13:00+00:00,,2
75882,60529,Cancelled,F,2023-12-03 11:54:00+00:00,,,,1
8361,6673,Processing,M,2023-12-19 01:34:00+00:00,,,,1
25831,20613,Processing,M,2023-12-13 09:16:00+00:00,,,,2
122415,97712,Complete,F,2023-12-25 01:20:00+00:00,,2023-12-26 08:06:00+00:00,2023-12-28 14:10:00+00:00,1
73746,58874,Processing,F,2023-12-19 16:50:00+00:00,,,,1
63475,50739,Shipped,M,2023-10-15 14:44:00+00:00,,2023-10-17 19:32:00+00:00,,1
102069,81484,Shipped,F,2023-10-13 02:31:00+00:00,,2023-10-14 23:11:00+00:00,,2
108985,87095,Complete,M,2023-11-21 14:37:00+00:00,,2023-11-24 07:33:00+00:00,2023-11-28 08:17:00+00:00,1
30870,24694,Complete,M,2023-12-13 08:28:00+00:00,,2023-12-16 02:30:00+00:00,2023-12-20 07:43:00+00:00,2
108453,86651,Cancelled,F,2023-10-26 02:46:00+00:00,,,,3
30158,24094,Complete,F,2023-10-15 01:05:00+00:00,,2023-10-17 18:01:00+00:00,2023-10-22 00:19:00+00:00,2
51854,41549,Complete,F,2023-12-30 00:43:00+00:00,,2023-12-31 21:41:00+00:00,2024-01-03 02:55:00+00:00,2
71302,56960,Complete,M,2023-10-31 05:22:00+00:00,,2023-11-02 01:33:00+00:00,2023-11-02 15:59:00+00:00,1
114734,91649,Returned,M,2023-12-20 10:11:00+00:00,2023-12-21 21:35:00+00:00,2023-12-21 17:34:00+00:00,2023-12-21 21:20:00+00:00,4
3205,2568,Cancelled,F,2023-10-21 10:57:00+00:00,,,,1
41923,33515,Shipped,M,2023-12-13 14:20:00+00:00,,2023-12-14 15:49:00+00:00,,2
104704,83619,Shipped,F,2023-11-07 07:04:00+00:00,,2023-11-09 01:24:00+00:00,,1
6205,4924,Processing,F,2023-11-03 14:41:00+00:00,,,,1
26927,21528,Complete,F,2023-11-04 03:07:00+00:00,,2023-11-06 05:55:00+00:00,2023-11-10 09:14:00+00:00,2
102308,81693,Shipped,M,2023-10-12 08:53:00+00:00,,2023-10-13 00:51:00+00:00,,1
76378,60935,Shipped,M,2023-11-22 00:33:00+00:00,,2023-11-24 17:15:00+00:00,,1
17388,13838,Cancelled,M,2023-12-10 12:09:00+00:00,,,,1
36848,29523,Complete,F,2023-11-11 00:45:00+00:00,,2023-11-11 14:34:00+00:00,2023-11-16 12:38:00+00:00,2
85180,67933,Shipped,M,2023-10-28 03:41:00+00:00,,2023-10-29 09:50:00+00:00,,1
36195,29008,Shipped,F,2023-11-25 12:18:00+00:00,,2023-11-25 13:11:00+00:00,,1
7230,5761,Complete,M,2023-12-21 00:34:00+00:00,,2023-12-23 09:31:00+00:00,2023-12-27 02:21:00+00:00,1
62900,50279,Shipped,F,2023-12-22 06:18:00+00:00,,2023-12-23 14:45:00+00:00,,2
96642,77121,Complete,F,2023-12-02 13:00:00+00:00,,2023-12-02 16:44:00+00:00,2023-12-04 20:09:00+00:00,1
14525,11617,Returned,F,2023-11-29 18:13:00+00:00,2023-12-04 15:27:00+00:00,2023-12-02 12:16:00+00:00,2023-12-03 00:49:00+00:00,1
23296,18616,Complete,F,2023-10-27 15:06:00+00:00,,2023-10-27 23:42:00+00:00,2023-11-01 17:33:00+00:00,1
55671,44590,Shipped,M,2023-12-28 13:33:00+00:00,,2023-12-30 15:32:00+00:00,,1
20486,16334,Complete,M,2023-10-25 05:43:00+00:00,,2023-10-27 05:03:00+00:00,2023-10-30 02:18:00+00:00,1
62349,49836,Shipped,M,2023-12-05 03:19:00+00:00,,2023-12-05 23:56:00+00:00,,1
95991,76607,Processing,M,2023-10-23 03:43:00+00:00,,,,4
111675,89206,Shipped,M,2023-11-25 17:14:00+00:00,,2023-11-27 03:05:00+00:00,,2
97289,77638,Processing,F,2023-10-07 09:17:00+00:00,,,,4
90428,72088,Processing,M,2023-10-22 10:11:00+00:00,,,,1
118812,94899,Processing,F,2023-12-11 15:48:00+00:00,,,,4
36204,29016,Returned,F,2023-12-15 05:25:00+00:00,2023-12-23 07:34:00+00:00,2023-12-16 17:03:00+00:00,2023-12-20 21:50:00+00:00,1
59044,47179,Returned,M,2023-11-03 02:15:00+00:00,2023-11-07 20:55:00+00:00,2023-11-04 23:10:00+00:00,2023-11-05 06:50:00+00:00,1
61154,48897,Shipped,M,2023-11-29 08:07:00+00:00,,2023-12-01 12:18:00+00:00,,2
101282,80839,Shipped,M,2023-11-27 14:08:00+00:00,,2023-11-28 00:28:00+00:00,,2
31253,25024,Processing,F,2023-11-16 09:50:00+00:00,,,,2
26982,21584,Complete,M,2023-10-17 01:11:00+00:00,,2023-10-17 12:32:00+00:00,2023-10-22 05:08:00+00:00,1
27651,22107,Processing,F,2023-11-15 08:24:00+00:00,,,,4
71527,57148,Cancelled,M,2023-11-19 10:32:00+00:00,,,,1
33076,26492,Complete,F,2023-10-18 18:18:00+00:00,,2023-10-21 14:58:00+00:00,2023-10-21 15:57:00+00:00,1
66754,53329,Shipped,F,2023-10-30 08:34:00+00:00,,2023-10-31 23:54:00+00:00,,4
12771,10259,Shipped,M,2023-11-18 09:06:00+00:00,,2023-11-19 10:22:00+00:00,,2
66037,52749,Complete,M,2023-11-25 18:33:00+00:00,,2023-11-28 18:05:00+00:00,2023-12-02 04:44:00+00:00,1
87029,69358,Cancelled,M,2023-11-05 01:19:00+00:00,,,,1
74609,59558,Complete,F,2023-11-16 12:33:00+00:00,,2023-11-17 20:24:00+00:00,2023-11-19 19:19:00+00:00,1
35784,28672,Processing,M,2023-10-04 01:02:00+00:00,,,,4
15226,12191,Cancelled,M,2023-11-12 09:12:00+00:00,,,,2
118367,94540,Cancelled,F,2023-12-15 07:34:00+00:00,,,,1
15150,12133,Complete,M,2023-11-26 03:33:00+00:00,,2023-11-27 20:06:00+00:00,2023-12-01 00:44:00+00:00,2
18962,15104,Shipped,F,2023-12-26 04:03:00+00:00,,2023-12-29 02:49:00+00:00,,1
91609,73048,Cancelled,F,2023-12-06 11:11:00+00:00,,,,1
65178,52064,Shipped,M,2023-12-01 01:44:00+00:00,,2023-12-03 13:52:00+00:00,,1
110170,88000,Returned,F,2023-10-22 18:30:00+00:00,2023-10-31 12:37:00+00:00,2023-10-25 09:20:00+00:00,2023-10-28 23:00:00+00:00,2
97257,77614,Shipped,F,2023-11-13 17:14:00+00:00,,2023-11-16 05:31:00+00:00,,1
43455,34777,Processing,F,2023-11-21 02:15:00+00:00,,,,1
69312,55382,Processing,F,2023-12-17 07:09:00+00:00,,,,4
52214,41840,Processing,M,2023-12-14 02:47:00+00:00,,,,1
51619,41352,Processing,F,2023-11-23 09:16:00+00:00,,,,1
64027,51160,Processing,M,2023-12-14 05:50:00+00:00,,,,1
27568,22041,Complete,F,2023-12-04 12:55:00+00:00,,2023-12-06 08:21:00+00:00,2023-12-08 08:24:00+00:00,1
117938,94221,Shipped,F,2023-12-29 04:42:00+00:00,,2023-12-30 10:35:00+00:00,,2
15260,12211,Shipped,F,2023-10-15 15:33:00+00:00,,2023-10-17 23:33:00+00:00,,1
122215,97555,Cancelled,F,2023-12-10 14:23:00+00:00,,,,1
14570,11650,Processing,F,2023-11-05 02:40:00+00:00,,,,1
118342,94520,Processing,F,2023-11-24 16:59:00+00:00,,,,2
60359,48251,Shipped,M,2023-12-29 11:03:00+00:00,,2023-12-31 04:06:00+00:00,,2
29019,23178,Shipped,M,2023-11-20 12:24:00+00:00,,2023-11-22 04:33:00+00:00,,2
86047,68627,Shipped,M,2023-12-21 03:53:00+00:00,,2023-12-21 13:53:00+00:00,,1
89561,71384,Cancelled,M,2023-12-09 10:24:00+00:00,,,,4
118321,94506,Complete,F,2023-12-26 14:55:00+00:00,,2023-12-29 00:33:00+00:00,2023-12-29 08:12:00+00:00,2
29735,23758,Complete,M,2023-12-16 00:14:00+00:00,,2023-12-16 21:38:00+00:00,2023-12-19 22:38:00+00:00,4
9779,7780,Complete,F,2023-10-17 13:09:00+00:00,,2023-10-20 02:44:00+00:00,2023-10-23 07:24:00+00:00,1
101250,80819,Complete,F,2023-11-20 09:52:00+00:00,,2023-11-22 02:49:00+00:00,2023-11-23 02:01:00+00:00,1
118143,94380,Cancelled,F,2023-11-11 16:45:00+00:00,,,,1
45532,36444,Processing,F,2023-10-20 10:38:00+00:00,,,,2
59347,47418,Shipped,F,2023-12-09 06:54:00+00:00,,2023-12-10 06:03:00+00:00,,1
54701,43816,Processing,M,2023-10-30 18:33:00+00:00,,,,2
61699,49324,Processing,F,2023-10-22 02:26:00+00:00,,,,3
54454,43627,Complete,M,2023-10-13 11:04:00+00:00,,2023-10-14 15:44:00+00:00,2023-10-18 04:30:00+00:00,1
109570,87543,Complete,M,2023-10-04 01:45:00+00:00,,2023-10-06 09:03:00+00:00,2023-10-08 00:23:00+00:00,4
114791,91692,Processing,F,2023-11-17 14:10:00+00:00,,,,2
107636,86002,Processing,M,2023-12-28 10:58:00+00:00,,,,1
27799,22224,Returned,F,2023-11-05 16:12:00+00:00,2023-11-10 18:37:00+00:00,2023-11-06 09:36:00+00:00,2023-11-10 18:05:00+00:00,4
7877,6267,Shipped,F,2023-12-06 12:37:00+00:00,,2023-12-09 05:57:00+00:00,,4
14344,11491,Returned,F,2023-11-15 08:13:00+00:00,2023-11-21 00:53:00+00:00,2023-11-16 16:19:00+00:00,2023-11-20 03:43:00+00:00,2
22377,17867,Complete,M,2023-10-12 08:36:00+00:00,,2023-10-13 04:11:00+00:00,2023-10-17 20:06:00+00:00,1
110160,87991,Shipped,M,2023-12-15 01:01:00+00:00,,2023-12-16 00:37:00+00:00,,1
23747,18969,Returned,F,2023-12-21 17:16:00+00:00,2023-12-25 10:20:00+00:00,2023-12-24 01:29:00+00:00,2023-12-25 06:11:00+00:00,1
68082,54404,Processing,M,2023-11-05 04:59:00+00:00,,,,1
61980,49535,Returned,F,2023-12-04 14:57:00+00:00,2023-12-11 01:47:00+00:00,2023-12-05 08:23:00+00:00,2023-12-08 21:13:00+00:00,1
86650,69078,Cancelled,M,2023-10-07 09:55:00+00:00,,,,1
45452,36380,Complete,F,2023-11-11 15:10:00+00:00,,2023-11-12 10:34:00+00:00,2023-11-15 21:42:00+00:00,1
58191,46521,Shipped,M,2023-11-10 15:32:00+00:00,,2023-11-13 02:02:00+00:00,,1
119787,95629,Complete,M,2023-12-08 04:11:00+00:00,,2023-12-09 17:53:00+00:00,2023-12-12 20:05:00+00:00,1
93596,74655,Shipped,F,2023-10-04 16:05:00+00:00,,2023-10-05 21:33:00+00:00,,1
12376,9939,Processing,M,2023-12-18 07:26:00+00:00,,,,1
118609,94742,Shipped,M,2023-10-14 16:29:00+00:00,,2023-10-17 04:03:00+00:00,,1
45991,36820,Complete,F,2023-12-12 13:45:00+00:00,,2023-12-15 07:06:00+00:00,2023-12-20 01:00:00+00:00,2
79024,63034,Shipped,M,2023-10-05 00:35:00+00:00,,2023-10-06 13:36:00+00:00,,4
51593,41332,Complete,M,2023-12-10 02:28:00+00:00,,2023-12-11 12:39:00+00:00,2023-12-13 23:38:00+00:00,2
76813,61280,Shipped,F,2023-11-30 02:53:00+00:00,,2023-11-30 15:17:00+00:00,,1
38548,30867,Shipped,F,2023-11-03 08:55:00+00:00,,2023-11-03 11:56:00+00:00,,2
62541,49991,Shipped,M,2023-12-18 08:53:00+00:00,,2023-12-19 08:35:00+00:00,,2
8341,6660,Complete,M,2023-11-20 09:30:00+00:00,,2023-11-21 17:43:00+00:00,2023-11-22 17:02:00+00:00,1
118868,94939,Shipped,F,2023-11-20 15:16:00+00:00,,2023-11-22 11:23:00+00:00,,1
67571,53984,Shipped,F,2023-10-15 03:35:00+00:00,,2023-10-17 18:09:00+00:00,,1
30156,24094,Shipped,F,2023-12-18 01:05:00+00:00,,2023-12-19 17:58:00+00:00,,1
26791,21402,Cancelled,F,2023-10-14 14:20:00+00:00,,,,1
39316,31482,Shipped,M,2023-11-05 11:24:00+00:00,,2023-11-08 07:15:00+00:00,,1
15917,12726,Shipped,M,2023-10-25 01:50:00+00:00,,2023-10-27 00:20:00+00:00,,1
123462,98581,Complete,F,2023-12-05 17:41:00+00:00,,2023-12-06 05:29:00+00:00,2023-12-08 11:35:00+00:00,1
89194,71093,Shipped,F,2023-11-10 03:42:00+00:00,,2023-11-10 22:14:00+00:00,,1
85919,68527,Complete,M,2023-11-08 00:03:00+00:00,,2023-11-08 08:17:00+00:00,2023-11-11 06:22:00+00:00,4
102375,81751,Complete,F,2023-10-29 02:02:00+00:00,,2023-10-29 17:51:00+00:00,2023-11-01 21:37:00+00:00,1
108017,86306,Complete,F,2023-12-08 18:30:00+00:00,,2023-12-09 18:20:00+00:00,2023-12-14 03:49:00+00:00,1
25034,19947,Processing,F,2023-11-27 05:21:00+00:00,,,,4
98638,78705,Returned,M,2023-11-13 15:21:00+00:00,2023-11-19 01:04:00+00:00,2023-11-14 22:54:00+00:00,2023-11-18 03:54:00+00:00,4
42808,34234,Shipped,M,2023-11-17 18:53:00+00:00,,2023-11-18 07:01:00+00:00,,2
21775,17366,Processing,M,2023-11-14 18:43:00+00:00,,,,1
53586,42933,Complete,M,2023-10-01 08:04:00+00:00,,2023-10-01 14:10:00+00:00,2023-10-02 07:38:00+00:00,1
48403,38731,Shipped,M,2023-11-12 04:19:00+00:00,,2023-11-14 10:11:00+00:00,,2
115926,92589,Shipped,F,2023-12-05 06:28:00+00:00,,2023-12-07 20:06:00+00:00,,2
108855,86972,Shipped,F,2023-12-18 16:21:00+00:00,,2023-12-20 19:57:00+00:00,,1
45941,36781,Complete,M,2023-10-29 17:15:00+00:00,,2023-11-01 15:59:00+00:00,2023-11-04 18:24:00+00:00,1
55436,44402,Shipped,M,2023-12-30 03:25:00+00:00,,2023-12-30 18:11:00+00:00,,2
59733,47704,Processing,M,2023-12-14 15:31:00+00:00,,,,2
84519,67406,Processing,F,2023-12-02 15:39:00+00:00,,,,2
99430,79379,Returned,F,2023-10-19 01:18:00+00:00,2023-10-21 15:49:00+00:00,2023-10-19 16:17:00+00:00,2023-10-21 01:23:00+00:00,2
99319,79273,Complete,F,2023-10-30 16:44:00+00:00,,2023-10-31 08:47:00+00:00,2023-11-05 02:17:00+00:00,1
90001,71734,Processing,M,2023-10-25 15:43:00+00:00,,,,1
75204,60013,Shipped,F,2023-11-10 15:30:00+00:00,,2023-11-11 14:08:00+00:00,,1
27718,22154,Returned,F,2023-11-23 03:31:00+00:00,2023-11-28 08:40:00+00:00,2023-11-25 07:18:00+00:00,2023-11-27 16:29:00+00:00,2
13008,10452,Processing,F,2023-12-08 06:22:00+00:00,,,,2
74429,59426,Cancelled,M,2023-11-10 09:39:00+00:00,,,,1
94028,75001,Shipped,M,2023-12-30 10:21:00+00:00,,2023-12-31 21:21:00+00:00,,1
21661,17271,Processing,M,2023-10-18 02:11:00+00:00,,,,2
29620,23665,Complete,F,2023-10-14 12:54:00+00:00,,2023-10-17 11:42:00+00:00,2023-10-17 17:51:00+00:00,1
79451,63374,Shipped,F,2023-11-01 03:29:00+00:00,,2023-11-03 06:17:00+00:00,,1
74223,59271,Shipped,F,2023-12-14 07:53:00+00:00,,2023-12-15 02:35:00+00:00,,1
113968,91018,Complete,M,2023-11-25 09:23:00+00:00,,2023-11-27 03:01:00+00:00,2023-11-28 03:53:00+00:00,1
54930,43995,Complete,F,2023-11-16 04:44:00+00:00,,2023-11-18 11:52:00+00:00,2023-11-18 21:34:00+00:00,1
109675,87611,Complete,M,2023-11-24 06:03:00+00:00,,2023-11-24 14:36:00+00:00,2023-11-28 00:52:00+00:00,1
29022,23180,Shipped,M,2023-12-01 12:58:00+00:00,,2023-12-02 09:59:00+00:00,,1
46319,37070,Shipped,M,2023-11-07 03:16:00+00:00,,2023-11-07 21:23:00+00:00,,2
9373,7493,Shipped,M,2023-10-01 13:15:00+00:00,,2023-10-04 07:42:00+00:00,,1
32448,25978,Cancelled,F,2023-11-18 13:22:00+00:00,,,,1
8248,6577,Processing,F,2023-10-15 15:38:00+00:00,,,,1
53976,43240,Shipped,F,2023-10-19 12:01:00+00:00,,2023-10-20 17:28:00+00:00,,2
41328,33053,Returned,F,2023-12-01 12:36:00+00:00,2023-12-07 21:43:00+00:00,2023-12-02 21:54:00+00:00,2023-12-06 19:43:00+00:00,1
105841,84516,Shipped,F,2023-12-10 11:21:00+00:00,,2023-12-12 15:36:00+00:00,,1
118046,94304,Cancelled,M,2023-12-22 12:04:00+00:00,,,,1
53090,42548,Processing,M,2023-12-05 09:34:00+00:00,,,,2
33108,26517,Shipped,F,2023-12-07 16:43:00+00:00,,2023-12-07 17:46:00+00:00,,4
109766,87687,Shipped,M,2023-11-12 09:35:00+00:00,,2023-11-13 15:21:00+00:00,,1
80903,64518,Processing,M,2023-11-18 18:26:00+00:00,,,,1
97899,78119,Cancelled,F,2023-10-07 08:10:00+00:00,,,,3
35860,28738,Cancelled,M,2023-11-19 14:38:00+00:00,,,,1
77306,61697,Shipped,F,2023-11-12 15:51:00+00:00,,2023-11-14 00:25:00+00:00,,1
57751,46195,Shipped,F,2023-11-22 02:37:00+00:00,,2023-11-24 13:30:00+00:00,,1
47944,38349,Processing,F,2023-11-27 15:26:00+00:00,,,,1
3750,2979,Processing,F,2023-11-07 15:16:00+00:00,,,,1
46789,37447,Complete,F,2023-11-02 18:53:00+00:00,,2023-11-03 04:59:00+00:00,2023-11-03 11:29:00+00:00,1
93883,74896,Complete,M,2023-10-18 16:45:00+00:00,,2023-10-20 06:03:00+00:00,2023-10-22 17:08:00+00:00,2
95757,76411,Shipped,F,2023-10-05 07:30:00+00:00,,2023-10-06 10:45:00+00:00,,4
95156,75920,Complete,M,2023-12-05 12:29:00+00:00,,2023-12-07 05:55:00+00:00,2023-12-08 16:16:00+00:00,1
118020,94283,Shipped,M,2023-10-02 10:05:00+00:00,,2023-10-04 05:01:00+00:00,,1
107922,86236,Complete,F,2023-10-20 05:22:00+00:00,,2023-10-22 20:27:00+00:00,2023-10-27 00:13:00+00:00,1
87882,70060,Shipped,F,2023-12-11 15:43:00+00:00,,2023-12-13 19:43:00+00:00,,1
62128,49653,Shipped,M,2023-11-09 09:42:00+00:00,,2023-11-10 05:08:00+00:00,,1
33538,26872,Complete,M,2023-12-21 06:05:00+00:00,,2023-12-22 02:05:00+00:00,2023-12-24 18:35:00+00:00,1
93565,74632,Cancelled,M,2023-12-12 12:05:00+00:00,,,,2
107159,85617,Returned,M,2023-12-10 17:32:00+00:00,2023-12-16 15:57:00+00:00,2023-12-11 22:43:00+00:00,2023-12-15 13:22:00+00:00,1
14277,11430,Shipped,F,2023-11-17 02:41:00+00:00,,2023-11-17 14:26:00+00:00,,1
90056,71782,Shipped,F,2023-10-29 09:18:00+00:00,,2023-10-29 14:08:00+00:00,,1
16036,12811,Processing,M,2023-10-08 16:45:00+00:00,,,,1
121575,97056,Processing,F,2023-11-02 01:41:00+00:00,,,,1
124250,99232,Returned,F,2023-12-03 13:03:00+00:00,2023-12-11 02:44:00+00:00,2023-12-06 01:55:00+00:00,2023-12-09 14:21:00+00:00,1
35250,28237,Complete,F,2023-10-31 02:11:00+00:00,,2023-10-31 22:35:00+00:00,2023-11-04 03:22:00+00:00,1
121554,97040,Shipped,F,2023-12-08 07:50:00+00:00,,2023-12-10 21:01:00+00:00,,4
11757,9422,Returned,F,2023-10-07 18:53:00+00:00,2023-10-12 10:53:00+00:00,2023-10-08 16:38:00+00:00,2023-10-10 16:59:00+00:00,2
54703,43817,Shipped,F,2023-10-22 12:19:00+00:00,,2023-10-22 16:18:00+00:00,,1
38480,30808,Shipped,F,2023-12-23 17:42:00+00:00,,2023-12-26 00:03:00+00:00,,2
2177,1767,Processing,M,2023-11-12 08:16:00+00:00,,,,3
98305,78447,Shipped,M,2023-10-03 12:22:00+00:00,,2023-10-04 05:19:00+00:00,,2
124754,99626,Cancelled,F,2023-12-10 04:08:00+00:00,,,,3
110354,88162,Shipped,F,2023-11-20 15:02:00+00:00,,2023-11-22 00:33:00+00:00,,1
120440,96127,Complete,F,2023-11-01 10:07:00+00:00,,2023-11-02 05:23:00+00:00,2023-11-05 04:46:00+00:00,1
119908,95723,Shipped,F,2023-12-21 00:56:00+00:00,,2023-12-21 19:29:00+00:00,,1
33351,26715,Cancelled,F,2023-12-01 00:43:00+00:00,,,,1
124867,99712,Returned,F,2023-11-24 15:46:00+00:00,2023-11-30 17:42:00+00:00,2023-11-24 19:28:00+00:00,2023-11-29 00:44:00+00:00,1
122438,97731,Cancelled,M,2023-11-22 11:32:00+00:00,,,,1
96906,77333,Cancelled,F,2023-12-29 12:03:00+00:00,,,,1
117693,94025,Complete,F,2023-12-17 12:39:00+00:00,,2023-12-18 07:00:00+00:00,2023-12-22 23:58:00+00:00,1
113360,90523,Processing,M,2023-11-26 03:20:00+00:00,,,,1
113413,90568,Shipped,F,2023-10-25 12:43:00+00:00,,2023-10-27 14:38:00+00:00,,1
3389,2703,Returned,F,2023-12-28 10:38:00+00:00,2024-01-05 06:54:00+00:00,2023-12-30 10:24:00+00:00,2024-01-02 13:27:00+00:00,1
106944,85450,Processing,F,2023-11-12 16:02:00+00:00,,,,1
99529,79462,Shipped,F,2023-11-01 08:10:00+00:00,,2023-11-01 09:53:00+00:00,,1
98124,78309,Processing,M,2023-12-06 17:46:00+00:00,,,,1
11959,9592,Processing,F,2023-12-22 08:33:00+00:00,,,,4
59872,47835,Processing,M,2023-11-23 16:38:00+00:00,,,,1
47095,37679,Shipped,F,2023-11-16 16:17:00+00:00,,2023-11-18 21:06:00+00:00,,2
67445,53865,Complete,M,2023-10-01 17:35:00+00:00,,2023-10-04 07:06:00+00:00,2023-10-05 02:30:00+00:00,1
5558,4390,Shipped,M,2023-12-12 02:53:00+00:00,,2023-12-14 15:02:00+00:00,,1
50800,40699,Cancelled,M,2023-12-08 09:45:00+00:00,,,,1
41959,33539,Shipped,F,2023-12-12 13:15:00+00:00,,2023-12-14 04:11:00+00:00,,1
37931,30381,Returned,F,2023-12-01 01:06:00+00:00,2023-12-06 23:16:00+00:00,2023-12-01 07:03:00+00:00,2023-12-05 08:02:00+00:00,1
46114,36921,Returned,F,2023-12-31 04:45:00+00:00,2024-01-08 17:09:00+00:00,2024-01-02 05:03:00+00:00,2024-01-06 15:35:00+00:00,1
28110,22478,Complete,F,2023-10-28 13:59:00+00:00,,2023-10-29 02:03:00+00:00,2023-11-02 09:25:00+00:00,1
78272,62446,Processing,F,2023-11-13 04:54:00+00:00,,,,1
33286,26663,Cancelled,F,2023-12-02 04:34:00+00:00,,,,1
38229,30609,Complete,F,2023-11-18 04:50:00+00:00,,2023-11-19 11:42:00+00:00,2023-11-21 15:06:00+00:00,1
10667,8532,Returned,F,2023-10-28 11:44:00+00:00,2023-11-01 20:46:00+00:00,2023-10-31 06:56:00+00:00,2023-10-31 15:39:00+00:00,2
123293,98441,Complete,F,2023-12-09 14:25:00+00:00,,2023-12-11 06:23:00+00:00,2023-12-12 18:13:00+00:00,1
73079,58353,Processing,F,2023-12-08 05:26:00+00:00,,,,1
38585,30896,Cancelled,F,2023-10-04 09:23:00+00:00,,,,1
66684,53271,Cancelled,F,2023-11-17 12:21:00+00:00,,,,1
61026,48793,Complete,F,2023-10-04 15:07:00+00:00,,2023-10-07 10:02:00+00:00,2023-10-10 09:32:00+00:00,1
61493,49165,Complete,F,2023-10-04 02:17:00+00:00,,2023-10-07 00:04:00+00:00,2023-10-08 09:23:00+00:00,1
82169,65546,Shipped,M,2023-11-08 00:17:00+00:00,,2023-11-08 11:14:00+00:00,,2
121531,97024,Shipped,M,2023-11-15 01:38:00+00:00,,2023-11-15 09:47:00+00:00,,2
97094,77483,Cancelled,M,2023-10-17 17:57:00+00:00,,,,1
92699,73944,Processing,F,2023-12-25 14:18:00+00:00,,,,1
29404,23505,Shipped,F,2023-12-13 03:12:00+00:00,,2023-12-14 04:37:00+00:00,,1
55633,44559,Shipped,F,2023-11-19 09:45:00+00:00,,2023-11-21 17:12:00+00:00,,1
37361,29926,Complete,F,2023-10-12 02:57:00+00:00,,2023-10-13 08:29:00+00:00,2023-10-14 17:33:00+00:00,1
34062,27314,Shipped,F,2023-12-04 00:52:00+00:00,,2023-12-04 10:35:00+00:00,,1
68058,54380,Complete,M,2023-12-09 16:14:00+00:00,,2023-12-11 09:53:00+00:00,2023-12-11 15:06:00+00:00,4
84996,67797,Complete,F,2023-10-22 01:51:00+00:00,,2023-10-23 11:00:00+00:00,2023-10-26 06:02:00+00:00,4
106114,84743,Returned,M,2023-11-17 14:28:00+00:00,2023-11-25 04:40:00+00:00,2023-11-19 00:13:00+00:00,2023-11-22 12:00:00+00:00,1
64106,51220,Shipped,M,2023-11-23 05:28:00+00:00,,2023-11-24 22:06:00+00:00,,2
111526,89072,Processing,F,2023-12-14 10:15:00+00:00,,,,1
101442,80969,Complete,M,2023-11-02 04:09:00+00:00,,2023-11-04 19:08:00+00:00,2023-11-05 01:45:00+00:00,1
99985,79821,Cancelled,F,2023-12-05 16:52:00+00:00,,,,1
18064,14388,Processing,F,2023-12-14 15:23:00+00:00,,,,2
53217,42641,Shipped,M,2023-10-31 00:22:00+00:00,,2023-11-02 08:03:00+00:00,,1
116733,93248,Shipped,M,2023-11-11 00:13:00+00:00,,2023-11-12 21:11:00+00:00,,1
706,564,Processing,M,2023-10-16 12:27:00+00:00,,,,2
47814,38256,Cancelled,M,2023-12-28 09:53:00+00:00,,,,1
6661,5304,Shipped,F,2023-11-06 08:00:00+00:00,,2023-11-06 13:02:00+00:00,,2
38671,30967,Shipped,M,2023-10-20 08:02:00+00:00,,2023-10-22 13:57:00+00:00,,1
40332,32294,Shipped,M,2023-10-09 06:54:00+00:00,,2023-10-11 22:03:00+00:00,,1
1885,1534,Complete,F,2023-10-02 08:09:00+00:00,,2023-10-04 04:33:00+00:00,2023-10-07 03:44:00+00:00,4
12263,9837,Processing,F,2023-10-23 02:51:00+00:00,,,,1
116333,92927,Shipped,F,2023-12-06 05:06:00+00:00,,2023-12-06 06:13:00+00:00,,1
66363,53019,Complete,F,2023-12-31 11:00:00+00:00,,2024-01-01 03:13:00+00:00,2024-01-03 00:05:00+00:00,1
53136,42574,Processing,F,2023-11-02 10:26:00+00:00,,,,1
42708,34159,Cancelled,F,2023-12-01 06:26:00+00:00,,,,1
76900,61348,Processing,M,2023-12-10 18:47:00+00:00,,,,2
11414,9149,Processing,F,2023-11-09 18:23:00+00:00,,,,2
11568,9275,Processing,M,2023-10-18 02:06:00+00:00,,,,1
38385,30736,Complete,M,2023-10-20 11:26:00+00:00,,2023-10-22 00:28:00+00:00,2023-10-25 10:45:00+00:00,2
93124,74288,Shipped,M,2023-12-09 07:57:00+00:00,,2023-12-09 08:20:00+00:00,,1
29147,23291,Cancelled,F,2023-10-04 11:21:00+00:00,,,,1
58688,46898,Complete,F,2023-12-05 18:14:00+00:00,,2023-12-07 23:03:00+00:00,2023-12-09 19:57:00+00:00,1
109384,87390,Processing,F,2023-12-03 11:35:00+00:00,,,,1
78939,62965,Cancelled,F,2023-10-23 04:25:00+00:00,,,,1
3239,2593,Shipped,F,2023-12-30 11:14:00+00:00,,2023-12-30 13:43:00+00:00,,1
7060,5632,Shipped,F,2023-12-18 01:32:00+00:00,,2023-12-20 22:19:00+00:00,,1
105718,84429,Processing,M,2023-12-10 08:00:00+00:00,,,,4
86919,69280,Shipped,M,2023-11-14 01:19:00+00:00,,2023-11-17 00:53:00+00:00,,2
117464,93839,Complete,F,2023-12-30 09:21:00+00:00,,2023-12-30 22:21:00+00:00,2023-12-31 23:44:00+00:00,2
90587,72239,Returned,M,2023-12-11 02:26:00+00:00,2023-12-18 00:36:00+00:00,2023-12-12 14:09:00+00:00,2023-12-17 10:49:00+00:00,1
31544,25234,Returned,M,2023-11-14 11:46:00+00:00,2023-11-20 01:11:00+00:00,2023-11-15 03:00:00+00:00,2023-11-19 16:17:00+00:00,1
46015,36839,Cancelled,F,2023-12-28 04:39:00+00:00,,,,1
107786,86117,Processing,M,2023-12-19 13:07:00+00:00,,,,2
24418,19496,Processing,M,2023-12-12 14:27:00+00:00,,,,4
16521,13176,Complete,F,2023-12-29 18:55:00+00:00,,2023-12-31 16:26:00+00:00,2024-01-03 02:29:00+00:00,1
77878,62145,Shipped,F,2023-12-03 00:13:00+00:00,,2023-12-04 04:18:00+00:00,,1
15240,12198,Cancelled,F,2023-12-30 15:50:00+00:00,,,,2
88284,70385,Processing,F,2023-12-29 07:06:00+00:00,,,,1
42227,33757,Shipped,M,2023-12-16 05:38:00+00:00,,2023-12-17 03:57:00+00:00,,3
108040,86325,Shipped,F,2023-10-27 02:08:00+00:00,,2023-10-28 20:59:00+00:00,,1
85351,68065,Complete,F,2023-12-14 01:18:00+00:00,,2023-12-15 07:11:00+00:00,2023-12-19 18:45:00+00:00,1
10335,8239,Complete,F,2023-11-22 13:21:00+00:00,,2023-11-25 02:55:00+00:00,2023-11-27 17:56:00+00:00,1
84250,67192,Shipped,M,2023-10-31 12:42:00+00:00,,2023-11-03 08:28:00+00:00,,1
9526,7599,Complete,M,2023-12-12 14:25:00+00:00,,2023-12-15 03:12:00+00:00,2023-12-20 01:29:00+00:00,1
122808,98029,Shipped,F,2023-10-27 16:53:00+00:00,,2023-10-28 23:32:00+00:00,,1
56604,45332,Processing,F,2023-12-06 06:43:00+00:00,,,,1
41768,33388,Complete,M,2023-12-25 01:52:00+00:00,,2023-12-26 02:43:00+00:00,2023-12-26 08:49:00+00:00,2
70447,56272,Shipped,F,2023-11-25 00:56:00+00:00,,2023-11-26 07:59:00+00:00,,1
79305,63238,Complete,F,2023-10-05 03:40:00+00:00,,2023-10-05 13:31:00+00:00,2023-10-06 06:32:00+00:00,2
33349,26714,Shipped,F,2023-11-17 14:50:00+00:00,,2023-11-18 03:45:00+00:00,,1
110771,88482,Shipped,F,2023-10-02 13:56:00+00:00,,2023-10-04 03:31:00+00:00,,1
6228,4950,Returned,F,2023-11-13 11:04:00+00:00,2023-11-17 10:45:00+00:00,2023-11-15 03:40:00+00:00,2023-11-17 07:04:00+00:00,1
111522,89069,Complete,M,2023-11-13 09:57:00+00:00,,2023-11-16 03:51:00+00:00,2023-11-17 18:58:00+00:00,2
72855,58169,Shipped,M,2023-11-12 03:03:00+00:00,,2023-11-14 03:59:00+00:00,,1
31739,25402,Shipped,M,2023-12-30 17:05:00+00:00,,2023-12-31 11:26:00+00:00,,1
15304,12247,Cancelled,F,2023-12-12 06:58:00+00:00,,,,1
1534,1224,Shipped,F,2023-10-06 01:37:00+00:00,,2023-10-08 05:09:00+00:00,,3
60676,48494,Shipped,F,2023-11-04 05:33:00+00:00,,2023-11-06 09:32:00+00:00,,1
59993,47935,Processing,F,2023-12-24 01:39:00+00:00,,,,2
52298,41919,Cancelled,M,2023-12-04 13:40:00+00:00,,,,3
11140,8920,Complete,M,2023-11-26 15:41:00+00:00,,2023-11-28 08:32:00+00:00,2023-11-28 09:15:00+00:00,1
38841,31114,Shipped,M,2023-12-25 03:32:00+00:00,,2023-12-27 20:26:00+00:00,,1
26902,21505,Complete,M,2023-11-13 00:54:00+00:00,,2023-11-13 04:33:00+00:00,2023-11-16 02:30:00+00:00,1
111800,89288,Complete,M,2023-12-29 02:31:00+00:00,,2023-12-31 04:45:00+00:00,2024-01-02 09:55:00+00:00,2
103689,82805,Complete,F,2023-10-16 10:08:00+00:00,,2023-10-16 17:41:00+00:00,2023-10-18 20:42:00+00:00,1
88993,70930,Shipped,F,2023-12-29 16:12:00+00:00,,2023-12-31 08:10:00+00:00,,1
18151,14455,Cancelled,M,2023-12-29 03:55:00+00:00,,,,1
17406,13854,Processing,F,2023-12-29 13:33:00+00:00,,,,1
110213,88042,Shipped,M,2023-10-15 06:55:00+00:00,,2023-10-17 04:32:00+00:00,,2
53604,42949,Returned,M,2023-12-07 09:40:00+00:00,2023-12-13 10:24:00+00:00,2023-12-09 07:23:00+00:00,2023-12-11 20:52:00+00:00,1
40908,32746,Complete,F,2023-12-28 09:43:00+00:00,,2023-12-30 05:38:00+00:00,2024-01-03 00:49:00+00:00,1
25638,20454,Shipped,F,2023-12-15 06:58:00+00:00,,2023-12-16 04:44:00+00:00,,2
91104,72657,Cancelled,M,2023-12-13 18:18:00+00:00,,,,1
57177,45793,Shipped,M,2023-11-04 06:21:00+00:00,,2023-11-06 01:24:00+00:00,,1
29995,23967,Cancelled,M,2023-11-28 09:22:00+00:00,,,,1
66855,53417,Complete,M,2023-10-29 11:09:00+00:00,,2023-10-29 14:22:00+00:00,2023-10-31 02:50:00+00:00,2
42720,34165,Complete,F,2023-11-13 18:13:00+00:00,,2023-11-13 23:59:00+00:00,2023-11-17 22:09:00+00:00,2
51757,41472,Shipped,M,2023-12-07 18:15:00+00:00,,2023-12-10 04:47:00+00:00,,1
69582,55602,Shipped,M,2023-11-17 02:33:00+00:00,,2023-11-19 13:11:00+00:00,,1
115580,92324,Processing,F,2023-11-19 17:53:00+00:00,,,,4
100618,80329,Shipped,M,2023-12-26 03:48:00+00:00,,2023-12-27 17:33:00+00:00,,1
117160,93597,Shipped,M,2023-10-23 15:11:00+00:00,,2023-10-23 20:10:00+00:00,,1
55254,44256,Shipped,F,2023-12-28 07:01:00+00:00,,2023-12-29 23:24:00+00:00,,1
110950,88625,Processing,F,2023-10-23 14:21:00+00:00,,,,1
69264,55348,Shipped,F,2023-12-03 05:52:00+00:00,,2023-12-04 05:05:00+00:00,,1
98304,78447,Returned,M,2023-12-19 12:22:00+00:00,2023-12-21 16:16:00+00:00,2023-12-19 21:28:00+00:00,2023-12-20 05:30:00+00:00,1
90185,71910,Processing,M,2023-10-03 11:11:00+00:00,,,,1
125014,99831,Processing,F,2023-11-30 08:25:00+00:00,,,,1
121292,96823,Cancelled,F,2023-12-14 12:47:00+00:00,,,,1
89264,71141,Processing,M,2023-11-24 14:03:00+00:00,,,,1
83674,66742,Returned,F,2023-10-28 00:06:00+00:00,2023-10-31 08:27:00+00:00,2023-10-28 10:06:00+00:00,2023-10-29 07:54:00+00:00,2
12349,9916,Shipped,M,2023-10-17 17:36:00+00:00,,2023-10-20 16:44:00+00:00,,1
18650,14841,Complete,M,2023-11-20 09:11:00+00:00,,2023-11-21 11:28:00+00:00,2023-11-26 09:15:00+00:00,4
48822,39082,Shipped,M,2023-11-30 01:26:00+00:00,,2023-12-01 13:20:00+00:00,,1
54943,44007,Shipped,F,2023-12-27 06:03:00+00:00,,2023-12-28 01:48:00+00:00,,1
1703,1370,Processing,M,2023-11-14 06:35:00+00:00,,,,1
105673,84398,Shipped,M,2023-12-13 05:51:00+00:00,,2023-12-15 12:04:00+00:00,,2
63379,50676,Shipped,M,2023-11-02 02:04:00+00:00,,2023-11-03 06:03:00+00:00,,1
22719,18127,Returned,M,2023-12-31 07:07:00+00:00,2024-01-08 10:20:00+00:00,2024-01-02 03:05:00+00:00,2024-01-05 16:51:00+00:00,3
6321,5023,Shipped,F,2023-11-16 00:56:00+00:00,,2023-11-17 03:52:00+00:00,,1
33624,26937,Shipped,F,2023-12-27 00:44:00+00:00,,2023-12-27 18:08:00+00:00,,1
22371,17860,Complete,M,2023-11-21 02:09:00+00:00,,2023-11-23 20:16:00+00:00,2023-11-27 07:19:00+00:00,1
74985,59840,Processing,M,2023-10-06 07:47:00+00:00,,,,1
93938,74935,Shipped,M,2023-12-04 11:37:00+00:00,,2023-12-05 15:44:00+00:00,,1
40634,32533,Shipped,F,2023-12-03 02:56:00+00:00,,2023-12-04 20:12:00+00:00,,2
101018,80635,Processing,F,2023-10-03 07:28:00+00:00,,,,1
4565,3606,Complete,F,2023-10-29 09:07:00+00:00,,2023-10-30 01:03:00+00:00,2023-11-03 01:48:00+00:00,1
60863,48664,Shipped,F,2023-11-15 14:57:00+00:00,,2023-11-18 13:52:00+00:00,,1
104474,83431,Complete,M,2023-11-20 09:11:00+00:00,,2023-11-22 12:32:00+00:00,2023-11-23 05:04:00+00:00,2
82720,66007,Shipped,M,2023-11-02 13:53:00+00:00,,2023-11-04 05:32:00+00:00,,2
37892,30345,Shipped,M,2023-12-27 05:57:00+00:00,,2023-12-29 18:46:00+00:00,,1
2479,1999,Returned,F,2023-12-06 12:05:00+00:00,2023-12-11 13:42:00+00:00,2023-12-07 16:23:00+00:00,2023-12-11 13:30:00+00:00,1
94911,75729,Processing,F,2023-12-18 09:44:00+00:00,,,,4
67969,54305,Cancelled,F,2023-11-20 12:41:00+00:00,,,,1
25861,20632,Shipped,F,2023-12-01 08:58:00+00:00,,2023-12-03 16:47:00+00:00,,1
287,235,Returned,M,2023-12-06 14:51:00+00:00,2023-12-13 07:34:00+00:00,2023-12-06 16:31:00+00:00,2023-12-11 06:02:00+00:00,1
101915,81352,Processing,M,2023-12-13 02:00:00+00:00,,,,1
29041,23197,Processing,F,2023-12-26 00:33:00+00:00,,,,1
107704,86058,Processing,M,2023-10-31 14:16:00+00:00,,,,1
31039,24837,Shipped,M,2023-12-16 04:08:00+00:00,,2023-12-18 08:56:00+00:00,,1
23280,18602,Shipped,F,2023-12-16 00:58:00+00:00,,2023-12-17 07:53:00+00:00,,1
34140,27368,Complete,F,2023-11-24 18:11:00+00:00,,2023-11-25 02:21:00+00:00,2023-11-28 05:56:00+00:00,1
117525,93899,Complete,F,2023-12-21 16:09:00+00:00,,2023-12-23 02:27:00+00:00,2023-12-25 08:35:00+00:00,1
73272,58513,Returned,F,2023-10-26 10:51:00+00:00,2023-10-30 09:47:00+00:00,2023-10-29 03:13:00+00:00,2023-10-29 15:55:00+00:00,1
43090,34476,Complete,F,2023-12-31 07:35:00+00:00,,2024-01-02 22:08:00+00:00,2024-01-05 15:10:00+00:00,1
54102,43340,Cancelled,M,2023-10-17 07:57:00+00:00,,,,1
29415,23516,Processing,M,2023-11-21 01:35:00+00:00,,,,1
45274,36237,Complete,F,2023-12-31 11:20:00+00:00,,2024-01-03 07:07:00+00:00,2024-01-07 04:19:00+00:00,1
107556,85939,Processing,F,2023-11-12 16:45:00+00:00,,,,1
92486,73765,Shipped,M,2023-10-17 17:28:00+00:00,,2023-10-19 03:33:00+00:00,,1
10337,8240,Shipped,M,2023-12-13 01:24:00+00:00,,2023-12-13 02:54:00+00:00,,4
36441,29219,Complete,M,2023-12-03 06:59:00+00:00,,2023-12-04 16:51:00+00:00,2023-12-07 06:57:00+00:00,1
78227,62411,Shipped,M,2023-12-11 00:12:00+00:00,,2023-12-12 18:00:00+00:00,,2
66258,52934,Processing,F,2023-11-07 17:19:00+00:00,,,,1
93012,74196,Processing,F,2023-12-16 06:08:00+00:00,,,,2
101219,80792,Shipped,M,2023-12-05 07:22:00+00:00,,2023-12-07 10:28:00+00:00,,1
78862,62904,Shipped,M,2023-11-21 02:17:00+00:00,,2023-11-23 12:36:00+00:00,,1
39665,31749,Shipped,M,2023-10-23 00:53:00+00:00,,2023-10-24 19:11:00+00:00,,1
8629,6894,Shipped,F,2023-10-30 00:52:00+00:00,,2023-10-30 15:22:00+00:00,,2
106982,85477,Shipped,M,2023-10-20 03:53:00+00:00,,2023-10-21 11:22:00+00:00,,1
36094,28933,Cancelled,M,2023-12-05 02:43:00+00:00,,,,1
71946,57462,Processing,F,2023-10-23 18:56:00+00:00,,,,1
60959,48747,Processing,M,2023-10-30 02:27:00+00:00,,,,2
66540,53155,Complete,F,2023-11-28 09:38:00+00:00,,2023-11-30 01:09:00+00:00,2023-12-04 17:26:00+00:00,1
97804,78054,Shipped,F,2023-12-12 16:54:00+00:00,,2023-12-13 14:37:00+00:00,,1
64645,51648,Cancelled,M,2023-11-03 18:33:00+00:00,,,,1
10626,8492,Returned,M,2023-10-26 02:46:00+00:00,2023-11-02 02:39:00+00:00,2023-10-27 21:01:00+00:00,2023-11-01 17:51:00+00:00,2
56002,44858,Returned,M,2023-10-20 00:56:00+00:00,2023-10-24 08:38:00+00:00,2023-10-21 01:59:00+00:00,2023-10-22 15:47:00+00:00,1
60746,48560,Shipped,M,2023-11-28 11:01:00+00:00,,2023-11-30 04:42:00+00:00,,1
3514,2801,Complete,F,2023-10-15 18:55:00+00:00,,2023-10-17 19:50:00+00:00,2023-10-18 04:58:00+00:00,1
23363,18656,Shipped,F,2023-12-22 07:51:00+00:00,,2023-12-23 19:41:00+00:00,,3
29339,23455,Shipped,M,2023-12-12 05:28:00+00:00,,2023-12-14 18:48:00+00:00,,1
57066,45714,Processing,F,2023-10-28 02:15:00+00:00,,,,1
90990,72565,Cancelled,M,2023-11-27 05:58:00+00:00,,,,1
37230,29821,Complete,M,2023-12-31 01:59:00+00:00,,2024-01-02 22:03:00+00:00,2024-01-04 21:06:00+00:00,1
93982,74969,Processing,F,2023-10-20 12:49:00+00:00,,,,4
62805,50198,Shipped,M,2023-11-01 16:38:00+00:00,,2023-11-03 14:52:00+00:00,,1
88841,70808,Returned,F,2023-11-24 04:11:00+00:00,2023-11-29 11:49:00+00:00,2023-11-26 10:21:00+00:00,2023-11-28 05:50:00+00:00,1
103671,82794,Cancelled,F,2023-10-20 15:49:00+00:00,,,,2
112876,90172,Complete,F,2023-11-23 05:04:00+00:00,,2023-11-23 08:11:00+00:00,2023-11-27 03:15:00+00:00,1
75804,60479,Processing,M,2023-11-28 04:23:00+00:00,,,,1
118640,94767,Complete,F,2023-12-22 14:28:00+00:00,,2023-12-22 21:55:00+00:00,2023-12-23 22:24:00+00:00,1
16849,13435,Returned,M,2023-10-16 01:55:00+00:00,2023-10-22 18:51:00+00:00,2023-10-18 01:08:00+00:00,2023-10-21 18:20:00+00:00,2
86100,68670,Shipped,F,2023-12-24 17:38:00+00:00,,2023-12-27 16:35:00+00:00,,1
101371,80915,Processing,F,2023-12-11 08:25:00+00:00,,,,1
57691,46153,Shipped,F,2023-10-04 18:02:00+00:00,,2023-10-06 03:43:00+00:00,,1
45512,36430,Cancelled,M,2023-11-23 10:03:00+00:00,,,,1
116209,92824,Shipped,M,2023-12-16 04:09:00+00:00,,2023-12-17 06:54:00+00:00,,1
98939,78932,Returned,F,2023-12-27 03:39:00+00:00,2024-01-01 20:05:00+00:00,2023-12-27 17:47:00+00:00,2023-12-30 21:57:00+00:00,1
36156,28985,Shipped,F,2023-10-16 09:21:00+00:00,,2023-10-17 06:05:00+00:00,,1
92465,73748,Shipped,F,2023-12-20 13:37:00+00:00,,2023-12-23 08:09:00+00:00,,1
13927,11174,Cancelled,M,2023-10-06 17:30:00+00:00,,,,1
32850,26304,Returned,F,2023-12-14 06:12:00+00:00,2023-12-19 19:58:00+00:00,2023-12-15 03:00:00+00:00,2023-12-19 05:32:00+00:00,2
