id,order_id,user_id,product_id,inventory_item_id,status,created_at,shipped_at,delivered_at,returned_at,sale_price
91235,62780,50178,28548,246234,Complete,2023-10-22 17:10:26+00:00,2023-10-21 17:49:00+00:00,2023-10-25 09:33:00+00:00,,2.950000047683716
66875,46015,36839,9621,180480,Cancelled,2023-12-28 02:13:35+00:00,,,,2.990000009536743
93153,64106,51220,28972,251448,Shipped,2023-11-24 04:00:40+00:00,2023-11-24 22:06:00+00:00,,,3.0899999141693115
88697,61026,48793,12689,239403,Complete,2023-10-04 14:14:12+00:00,2023-10-07 10:02:00+00:00,2023-10-10 09:32:00+00:00,,3.670000076293945
144411,99430,79379,13913,389888,Returned,2023-10-20 22:04:28+00:00,2023-10-19 16:17:00+00:00,2023-10-21 01:23:00+00:00,2023-10-21 15:49:00+00:00,3.990000009536743
54320,37361,29926,13656,146573,Complete,2023-10-12 01:48:39+00:00,2023-10-13 08:29:00+00:00,2023-10-14 17:33:00+00:00,,4.989999771118164
55092,37892,30345,28462,148656,Shipped,2023-12-27 05:36:04+00:00,2023-12-29 18:46:00+00:00,,,4.989999771118164
49917,34329,27520,12588,134649,Shipped,2023-11-25 09:02:57+00:00,2023-11-27 06:14:00+00:00,,,5.1599998474121085
142787,98305,78447,24832,385474,Shipped,2023-10-06 08:52:20+00:00,2023-10-04 05:19:00+00:00,,,5.949999809265137
53599,36848,29523,5745,144620,Complete,2023-11-14 21:50:01+00:00,2023-11-11 14:34:00+00:00,2023-11-16 12:38:00+00:00,,6.449999809265137
162153,111675,89206,24572,437749,Shipped,2023-11-27 14:04:09+00:00,2023-11-27 03:05:00+00:00,,,6.5
139092,95757,76411,14215,375421,Shipped,2023-10-05 07:34:57+00:00,2023-10-06 10:45:00+00:00,,,6.78000020980835
16984,11757,9422,15598,45872,Returned,2023-10-07 17:44:51+00:00,2023-10-08 16:38:00+00:00,2023-10-10 16:59:00+00:00,2023-10-12 10:53:00+00:00,6.789999961853027
141285,97257,77614,13801,381395,Shipped,2023-11-13 13:25:09+00:00,2023-11-16 05:31:00+00:00,,,6.989999771118164
53648,36880,29546,15402,144756,Cancelled,2023-10-25 01:35:02+00:00,,,,7.0
89677,61699,49324,9252,242027,Processing,2023-10-21 23:31:32+00:00,,,,7.5
122193,84152,67111,8929,329843,Complete,2023-11-23 09:41:24+00:00,2023-11-23 14:21:00+00:00,2023-11-24 08:16:00+00:00,,7.559999942779541
100692,69312,55382,8975,271661,Processing,2023-12-20 04:16:11+00:00,,,,7.75
33796,23296,18616,15434,91159,Complete,2023-10-27 13:31:35+00:00,2023-10-27 23:42:00+00:00,2023-11-01 17:33:00+00:00,,7.949999809265136
179262,123462,98581,9304,483973,Complete,2023-12-05 14:21:33+00:00,2023-12-06 05:29:00+00:00,2023-12-08 11:35:00+00:00,,7.949999809265136
172567,118812,94899,5762,465910,Processing,2023-12-11 13:41:21+00:00,,,,7.989999771118163
48132,33108,26517,9379,129860,Shipped,2023-12-11 14:48:57+00:00,2023-12-07 17:46:00+00:00,,,7.989999771118163
47735,32850,26304,15728,128792,Returned,2023-12-17 04:59:02+00:00,2023-12-15 03:00:00+00:00,2023-12-19 05:32:00+00:00,2023-12-19 19:58:00+00:00,8.0
176515,121554,97040,12278,476553,Shipped,2023-12-08 07:17:27+00:00,2023-12-10 21:01:00+00:00,,,8.949999809265137
151733,104474,83431,28453,409616,Complete,2023-11-20 06:44:30+00:00,2023-11-22 12:32:00+00:00,2023-11-23 05:04:00+00:00,,8.989999771118164
129019,88841,70808,9456,348305,Returned,2023-11-24 01:07:57+00:00,2023-11-26 10:21:00+00:00,2023-11-28 05:50:00+00:00,2023-11-29 11:49:00+00:00,9.0
129518,89194,71093,1005,349637,Shipped,2023-11-09 23:56:08+00:00,2023-11-10 22:14:00+00:00,,,9.449999809265137
159114,109570,87543,24848,429535,Complete,2023-10-05 00:16:35+00:00,2023-10-06 09:03:00+00:00,2023-10-08 00:23:00+00:00,,9.75
150547,103671,82794,7940,406439,Cancelled,2023-10-22 12:11:11+00:00,,,,9.760000228881838
43819,30158,24094,12645,118191,Complete,2023-10-14 23:18:55+00:00,2023-10-17 18:01:00+00:00,2023-10-22 00:19:00+00:00,,9.899999618530272
128203,88284,70385,12399,346060,Processing,2023-12-29 07:08:20+00:00,,,,9.949999809265137
139095,95757,76411,6207,375430,Shipped,2023-10-07 06:11:48+00:00,2023-10-06 10:45:00+00:00,,,9.949999809265137
176513,121554,97040,15338,476549,Shipped,2023-12-10 05:13:56+00:00,2023-12-10 21:01:00+00:00,,,9.949999809265137
77908,53586,42933,25994,210215,Complete,2023-10-01 06:03:08+00:00,2023-10-01 14:10:00+00:00,2023-10-02 07:38:00+00:00,,9.970000267028809
22043,15240,12198,14365,59517,Cancelled,2024-01-02 13:58:55+00:00,,,,9.979999542236328
40182,27651,22107,6057,108390,Processing,2023-11-19 08:29:07+00:00,,,,9.989999771118164
172569,118812,94899,255,465916,Processing,2023-12-13 15:43:02+00:00,,,,9.989999771118164
40407,27799,22224,10009,109011,Returned,2023-11-05 15:48:09+00:00,2023-11-06 09:36:00+00:00,2023-11-10 18:05:00+00:00,2023-11-10 18:37:00+00:00,9.989999771118164
17232,11926,9567,12174,46527,Shipped,2023-12-28 21:17:29+00:00,2023-12-29 21:50:00+00:00,,,9.989999771118164
61272,42227,33757,25189,165356,Shipped,2023-12-17 05:04:15+00:00,2023-12-17 03:57:00+00:00,,,9.989999771118164
95335,65587,52395,28564,257329,Shipped,2023-11-27 10:54:07+00:00,2023-11-27 15:25:00+00:00,,,9.989999771118164
160016,110213,88042,28672,431982,Shipped,2023-10-17 06:43:34+00:00,2023-10-17 04:32:00+00:00,,,9.989999771118164
173595,119519,95416,9215,468688,Shipped,2023-10-29 07:52:14+00:00,2023-10-27 07:20:00+00:00,,,9.989999771118164
142203,97899,78119,9349,383900,Cancelled,2023-10-10 06:31:09+00:00,,,,10.0
59383,40908,32746,10764,160259,Complete,2023-12-28 07:44:59+00:00,2023-12-30 05:38:00+00:00,2024-01-03 00:49:00+00:00,,10.0
42747,29415,23516,25249,115324,Processing,2023-11-20 23:28:57+00:00,,,,10.0
147062,101282,80839,24699,397026,Shipped,2023-11-30 12:55:27+00:00,2023-11-28 00:28:00+00:00,,,10.0
51278,35260,28242,6000,138377,Complete,2023-10-25 03:22:34+00:00,2023-10-25 21:26:00+00:00,2023-10-28 00:55:00+00:00,,10.020000457763672
160723,110704,88435,3281,433856,Processing,2023-12-08 06:47:10+00:00,,,,10.029999732971191
62599,43090,34476,6656,168886,Complete,2023-12-31 06:37:31+00:00,2024-01-02 22:08:00+00:00,2024-01-05 15:10:00+00:00,,10.340000152587892
150546,103671,82794,10894,406437,Cancelled,2023-10-24 13:41:29+00:00,,,,10.5
26962,18650,14841,24469,72721,Complete,2023-11-23 05:58:49+00:00,2023-11-21 11:28:00+00:00,2023-11-26 09:15:00+00:00,,10.5
85309,58688,46898,1470,230212,Complete,2023-12-05 15:34:51+00:00,2023-12-07 23:03:00+00:00,2023-12-09 19:57:00+00:00,,10.75
66064,45452,36380,13633,178268,Complete,2023-11-11 11:55:05+00:00,2023-11-12 10:34:00+00:00,2023-11-15 21:42:00+00:00,,10.989999771118164
42632,29339,23455,25109,115018,Shipped,2023-12-12 02:28:06+00:00,2023-12-14 18:48:00+00:00,,,11.0
11931,8248,6577,160,32156,Processing,2023-10-15 11:50:44+00:00,,,,11.010000228881836
167805,115580,92324,3392,453051,Processing,2023-11-20 17:19:33+00:00,,,,11.520000457763672
9137,6321,5023,10999,24661,Shipped,2023-11-16 01:02:14+00:00,2023-11-17 03:52:00+00:00,,,11.920000076293944
107727,74223,59271,13990,290644,Shipped,2023-12-14 05:57:29+00:00,2023-12-15 02:35:00+00:00,,,11.949999809265137
56074,38585,30896,13611,151315,Cancelled,2023-10-04 08:31:00+00:00,,,,11.989999771118164
40853,28110,22478,11559,110213,Complete,2023-10-28 12:30:48+00:00,2023-10-29 02:03:00+00:00,2023-11-02 09:25:00+00:00,,11.989999771118164
43820,30158,24094,6020,118194,Complete,2023-10-14 22:18:32+00:00,2023-10-17 18:01:00+00:00,2023-10-22 00:19:00+00:00,,11.989999771118164
33902,23363,18656,8980,91451,Shipped,2023-12-24 07:16:36+00:00,2023-12-23 19:41:00+00:00,,,11.989999771118164
83934,57751,46195,15680,226517,Shipped,2023-11-22 01:38:18+00:00,2023-11-24 13:30:00+00:00,,,11.989999771118164
171282,117938,94221,13611,462432,Shipped,2023-12-31 01:34:26+00:00,2023-12-30 10:35:00+00:00,,,11.989999771118164
98880,68058,54380,24990,266790,Complete,2023-12-10 13:38:40+00:00,2023-12-11 09:53:00+00:00,2023-12-11 15:06:00+00:00,,12.0
163895,112876,90172,10854,442455,Complete,2023-11-23 03:28:06+00:00,2023-11-23 08:11:00+00:00,2023-11-27 03:15:00+00:00,,12.0
52052,35784,28672,25153,140456,Processing,2023-10-05 22:33:35+00:00,,,,12.0
100675,69302,55376,9339,271616,Processing,2023-12-11 00:23:53+00:00,,,,12.0
161098,110950,88625,11402,434865,Processing,2023-10-23 12:31:54+00:00,,,,12.0
13182,9144,7291,16483,35567,Cancelled,2023-11-08 22:22:26+00:00,,,,12.050000190734863
34474,23747,18969,5557,93018,Returned,2023-12-21 16:22:43+00:00,2023-12-24 01:29:00+00:00,2023-12-25 06:11:00+00:00,2023-12-25 10:20:00+00:00,12.100000381469728
35466,24418,19496,22200,95681,Processing,2023-12-12 11:59:34+00:00,,,,12.380000114440918
31547,21775,17366,25810,85043,Processing,2023-11-14 18:07:53+00:00,,,,12.470000267028809
14934,10337,8240,18706,40338,Shipped,2023-12-15 21:52:53+00:00,2023-12-13 02:54:00+00:00,,,12.800000190734863
155563,107115,85584,27383,419936,Complete,2023-10-28 08:46:58+00:00,2023-10-30 18:10:00+00:00,2023-11-04 06:53:00+00:00,,12.989999771118164
169991,117084,93538,15879,458945,Shipped,2023-12-05 02:32:00+00:00,2023-12-02 20:22:00+00:00,,,12.989999771118164
20100,13927,11174,25311,54238,Cancelled,2023-10-06 16:21:48+00:00,,,,13.0
142204,97899,78119,3655,383903,Cancelled,2023-10-10 04:27:35+00:00,,,,13.010000228881836
77370,53217,42641,26627,208777,Shipped,2023-10-30 23:18:55+00:00,2023-11-02 08:03:00+00:00,,,13.489999771118164
42171,29022,23180,25095,113781,Shipped,2023-12-01 10:31:09+00:00,2023-12-02 09:59:00+00:00,,,13.600000381469728
8218,5703,4505,15518,22209,Shipped,2023-10-07 07:16:30+00:00,2023-10-07 23:19:00+00:00,,,13.970000267028809
104443,71946,57462,13895,281816,Processing,2023-10-23 18:41:52+00:00,,,,13.989999771118164
147209,101371,80915,15896,397424,Processing,2023-12-11 05:10:16+00:00,,,,13.989999771118164
66768,45941,36781,24804,180185,Complete,2023-10-29 13:28:05+00:00,2023-11-01 15:59:00+00:00,2023-11-04 18:24:00+00:00,,14.0
8975,6205,4924,12346,24230,Processing,2023-11-03 13:53:13+00:00,,,,14.0
136523,93982,74969,9846,368534,Processing,2023-10-22 11:05:43+00:00,,,,14.0
33774,23280,18602,9196,91104,Shipped,2023-12-16 00:11:18+00:00,2023-12-17 07:53:00+00:00,,,14.0
111466,76813,61280,9491,300775,Shipped,2023-11-30 02:20:55+00:00,2023-11-30 15:17:00+00:00,,,14.5
59000,40634,32533,6743,159272,Shipped,2023-12-06 00:27:08+00:00,2023-12-04 20:12:00+00:00,,,14.6899995803833
89377,61493,49165,7145,241200,Complete,2023-10-03 23:17:45+00:00,2023-10-07 00:04:00+00:00,2023-10-08 09:23:00+00:00,,14.899999618530272
80852,55633,44559,562,218205,Shipped,2023-11-19 07:43:29+00:00,2023-11-21 17:12:00+00:00,,,14.899999618530272
161917,111522,89069,24950,437116,Complete,2023-11-13 06:27:53+00:00,2023-11-16 03:51:00+00:00,2023-11-17 18:58:00+00:00,,14.949999809265137
17733,12263,9837,14720,47877,Processing,2023-10-23 00:58:42+00:00,,,,14.979999542236328
426,287,235,24962,1192,Returned,2023-12-06 14:02:50+00:00,2023-12-06 16:31:00+00:00,2023-12-11 06:02:00+00:00,2023-12-13 07:34:00+00:00,14.989999771118164
91414,62900,50279,13846,246728,Shipped,2023-12-26 02:44:28+00:00,2023-12-23 14:45:00+00:00,,,14.989999771118164
2765,1885,1534,9140,7446,Complete,2023-10-05 07:01:03+00:00,2023-10-04 04:33:00+00:00,2023-10-07 03:44:00+00:00,,15.0
88456,60863,48664,7954,238742,Shipped,2023-11-15 15:01:31+00:00,2023-11-18 13:52:00+00:00,,,15.199999809265137
66177,45532,36444,10850,178563,Processing,2023-10-24 09:28:04+00:00,,,,15.279999732971191
52054,35784,28672,24518,140462,Processing,2023-10-05 21:57:46+00:00,,,,15.4399995803833
45423,31253,25024,4179,122517,Processing,2023-11-17 09:36:11+00:00,,,,15.670000076293944
177751,122438,97731,16897,479922,Cancelled,2023-11-22 09:53:00+00:00,,,,15.68000030517578
111155,76591,61113,6227,299951,Shipped,2023-12-10 10:26:48+00:00,2023-12-13 00:38:00+00:00,,,15.899999618530272
130060,89561,71384,24613,351101,Cancelled,2023-12-09 09:37:08+00:00,,,,15.949999809265137
48885,33624,26937,14839,131887,Shipped,2023-12-26 21:14:07+00:00,2023-12-27 18:08:00+00:00,,,15.949999809265137
126363,87029,69358,25620,341115,Cancelled,2023-11-04 22:57:48+00:00,,,,16.0
135927,93565,74632,26115,366932,Cancelled,2023-12-12 10:10:35+00:00,,,,16.0
37500,25831,20613,18788,101177,Processing,2023-12-17 06:59:30+00:00,,,,16.0
47862,32937,26377,12568,129128,Processing,2023-12-31 02:16:18+00:00,,,,16.139999389648438
168718,116209,92824,19329,455498,Shipped,2023-12-16 01:42:18+00:00,2023-12-17 06:54:00+00:00,,,16.239999771118164
136520,93982,74969,12666,368524,Processing,2023-10-24 10:27:29+00:00,,,,16.5
143011,98457,78568,6382,386065,Processing,2023-10-18 01:18:35+00:00,,,,16.5
153522,105718,84429,22625,414438,Processing,2023-12-10 04:23:19+00:00,,,,16.520000457763672
14108,9779,7780,6041,38086,Complete,2023-10-17 12:55:15+00:00,2023-10-20 02:44:00+00:00,2023-10-23 07:24:00+00:00,,16.899999618530273
43208,29735,23758,28697,116538,Complete,2023-12-16 20:54:26+00:00,2023-12-16 21:38:00+00:00,2023-12-19 22:38:00+00:00,,16.950000762939453
111596,76900,61348,23425,301118,Processing,2023-12-13 17:17:49+00:00,,,,16.950000762939453
32944,22719,18127,25228,88815,Returned,2024-01-03 04:16:14+00:00,2024-01-02 03:05:00+00:00,2024-01-05 16:51:00+00:00,2024-01-08 10:20:00+00:00,16.950000762939453
77180,53090,42548,27768,208273,Processing,2023-12-08 06:26:51+00:00,,,,16.969999313354492
13181,9144,7291,25071,35563,Cancelled,2023-11-07 23:47:44+00:00,,,,16.989999771118164
171917,118367,94540,11688,464135,Cancelled,2023-12-15 04:31:30+00:00,,,,16.989999771118164
124947,86047,68627,20521,337273,Shipped,2023-12-21 01:05:29+00:00,2023-12-21 13:53:00+00:00,,,16.989999771118164
78637,54102,43340,26323,212198,Cancelled,2023-10-17 07:49:59+00:00,,,,17.0
11411,7877,6267,1954,30764,Shipped,2023-12-07 12:46:25+00:00,2023-12-09 05:57:00+00:00,,,17.200000762939453
140779,96906,77333,6314,380029,Cancelled,2023-12-29 08:47:14+00:00,,,,17.5
100673,69302,55376,770,271610,Processing,2023-12-13 00:40:16+00:00,,,,17.5
53505,36777,29460,15868,144353,Shipped,2023-11-29 10:03:03+00:00,2023-11-28 11:23:00+00:00,,,17.950000762939453
50046,34420,27577,475,134999,Shipped,2023-10-17 15:17:33+00:00,2023-10-17 05:36:00+00:00,,,17.969999313354492
113536,78227,62411,25470,306354,Shipped,2023-12-14 21:26:08+00:00,2023-12-12 18:00:00+00:00,,,18.0
69721,47944,38349,2322,188134,Processing,2023-11-27 13:23:48+00:00,,,,18.39999961853028
62010,42708,34159,7918,167328,Cancelled,2023-12-01 03:27:50+00:00,,,,18.479999542236328
122335,84250,67192,25328,330210,Shipped,2023-10-31 09:10:40+00:00,2023-11-03 08:28:00+00:00,,,18.950000762939453
171440,118046,94304,29002,462858,Cancelled,2023-12-22 11:55:38+00:00,,,,19.5
12055,8341,6660,16925,32498,Complete,2023-11-20 07:44:43+00:00,2023-11-21 17:43:00+00:00,2023-11-22 17:02:00+00:00,,19.5
144554,99529,79462,5921,390278,Shipped,2023-11-01 05:13:55+00:00,2023-11-01 09:53:00+00:00,,,19.950000762939453
178292,122808,98029,12662,481390,Shipped,2023-10-27 16:01:57+00:00,2023-10-28 23:32:00+00:00,,,19.950000762939453
112172,77300,61693,21315,302664,Complete,2023-11-23 09:25:43+00:00,2023-11-26 02:45:00+00:00,2023-11-26 15:39:00+00:00,,19.989999771118164
123431,84996,67797,9634,333174,Complete,2023-10-24 22:18:48+00:00,2023-10-23 11:00:00+00:00,2023-10-26 06:02:00+00:00,,19.989999771118164
124776,85919,68527,20098,336833,Complete,2023-11-08 23:50:21+00:00,2023-11-08 08:17:00+00:00,2023-11-11 06:22:00+00:00,,19.989999771118164
36359,25034,19947,9913,98110,Processing,2023-11-27 05:22:03+00:00,,,,19.989999771118164
36360,25034,19947,559,98113,Processing,2023-11-28 02:59:49+00:00,,,,19.989999771118164
141336,97289,77638,14241,381530,Processing,2023-10-07 05:41:36+00:00,,,,19.989999771118164
155315,106944,85450,7171,419273,Processing,2023-11-12 14:02:49+00:00,,,,19.989999771118164
2260,1534,1224,454,6115,Shipped,2023-10-06 22:41:39+00:00,2023-10-08 05:09:00+00:00,,,19.989999771118164
79491,54703,43817,10592,214519,Shipped,2023-10-22 12:10:03+00:00,2023-10-22 16:18:00+00:00,,,19.989999771118164
95334,65587,52395,25798,257326,Shipped,2023-11-29 10:42:32+00:00,2023-11-27 15:25:00+00:00,,,19.989999771118164
171283,117938,94221,11905,462435,Shipped,2023-12-29 00:50:40+00:00,2023-12-30 10:35:00+00:00,,,19.989999771118164
3161,2177,1767,29109,8520,Processing,2023-11-14 07:10:29+00:00,,,,20.0
82947,57066,45714,15673,223835,Processing,2023-10-28 01:01:35+00:00,,,,20.0
114478,78862,62904,16469,308950,Shipped,2023-11-21 00:28:51+00:00,2023-11-23 12:36:00+00:00,,,20.0
169993,117084,93538,14544,458953,Shipped,2023-12-04 04:44:29+00:00,2023-12-02 20:22:00+00:00,,,20.0
97151,66855,53417,24675,262125,Complete,2023-11-02 09:12:17+00:00,2023-10-29 14:22:00+00:00,2023-10-31 02:50:00+00:00,,20.90999984741211
37229,25638,20454,2987,100438,Shipped,2023-12-19 05:51:20+00:00,2023-12-16 04:44:00+00:00,,,20.989999771118164
55801,38385,30736,28726,150579,Complete,2023-10-21 09:29:42+00:00,2023-10-22 00:28:00+00:00,2023-10-25 10:45:00+00:00,,21.0
93152,64106,51220,26279,251446,Shipped,2023-11-27 05:34:28+00:00,2023-11-24 22:06:00+00:00,,,21.0
142788,98305,78447,26119,385476,Shipped,2023-10-03 11:41:16+00:00,2023-10-04 05:19:00+00:00,,,21.0
92133,63379,50676,21508,248673,Shipped,2023-11-01 22:43:13+00:00,2023-11-03 06:03:00+00:00,,,21.049999237060547
115326,79451,63374,5990,311244,Shipped,2023-11-01 02:22:50+00:00,2023-11-03 06:17:00+00:00,,,21.950000762939453
171929,118376,94546,27864,464169,Shipped,2023-12-29 10:45:45+00:00,2023-12-31 09:17:00+00:00,,,21.96999931335449
143101,98523,78619,7375,386306,Complete,2023-10-14 23:56:34+00:00,2023-10-13 07:16:00+00:00,2023-10-16 02:34:00+00:00,,21.989999771118164
18820,13008,10452,7445,50805,Processing,2023-12-11 03:07:01+00:00,,,,21.989999771118164
152078,104704,83619,13721,410538,Shipped,2023-11-07 04:31:48+00:00,2023-11-09 01:24:00+00:00,,,21.989999771118164
174897,120440,96127,12417,472174,Complete,2023-11-01 07:10:28+00:00,2023-11-02 05:23:00+00:00,2023-11-05 04:46:00+00:00,,22.0
140258,96550,77056,6013,378614,Processing,2023-11-24 06:07:37+00:00,,,,22.0
45107,31039,24837,26430,121683,Shipped,2023-12-16 02:11:30+00:00,2023-12-18 08:56:00+00:00,,,22.0
148568,102308,81693,27049,401105,Shipped,2023-10-12 06:26:35+00:00,2023-10-13 00:51:00+00:00,,,22.0
142202,97899,78119,1153,383898,Cancelled,2023-10-11 05:47:03+00:00,,,,22.049999237060547
141339,97289,77638,2487,381540,Processing,2023-10-08 09:31:25+00:00,,,,22.63999938964844
171403,118020,94283,17045,462751,Shipped,2023-10-02 07:44:29+00:00,2023-10-04 05:01:00+00:00,,,22.989999771118164
14937,10337,8240,18052,40347,Shipped,2023-12-16 00:31:25+00:00,2023-12-13 02:54:00+00:00,,,23.0
48482,33349,26714,15594,130804,Shipped,2023-11-17 11:34:41+00:00,2023-11-18 03:45:00+00:00,,,23.0
2763,1885,1534,13639,7442,Complete,2023-10-04 08:19:53+00:00,2023-10-04 04:33:00+00:00,2023-10-07 03:44:00+00:00,,23.420000076293945
9649,6661,5304,7301,26026,Shipped,2023-11-10 07:31:52+00:00,2023-11-06 13:02:00+00:00,,,23.729999542236328
113535,78227,62411,25136,306352,Shipped,2023-12-12 20:53:22+00:00,2023-12-12 18:00:00+00:00,,,23.950000762939453
135928,93565,74632,25689,366934,Cancelled,2023-12-16 09:25:49+00:00,,,,24.0
79122,54454,43627,25833,213517,Complete,2023-10-13 07:32:54+00:00,2023-10-14 15:44:00+00:00,2023-10-18 04:30:00+00:00,,24.0
89679,61699,49324,11857,242033,Processing,2023-10-23 01:13:20+00:00,,,,24.0
111595,76900,61348,25909,301115,Processing,2023-12-11 18:24:44+00:00,,,,24.0
156553,107786,86117,25527,422626,Processing,2023-12-21 09:44:23+00:00,,,,24.0
37228,25638,20454,10178,100434,Shipped,2023-12-17 04:18:43+00:00,2023-12-16 04:44:00+00:00,,,24.0
43585,29995,23967,23631,117565,Cancelled,2023-11-28 09:13:55+00:00,,,,24.059999465942383
86843,59733,47704,17725,234359,Processing,2023-12-18 15:38:09+00:00,,,,24.06999969482421
54148,37230,29821,25431,146104,Complete,2023-12-31 00:54:40+00:00,2024-01-02 22:03:00+00:00,2024-01-04 21:06:00+00:00,,24.13999938964844
176480,121531,97024,25464,476457,Shipped,2023-11-14 23:23:33+00:00,2023-11-15 09:47:00+00:00,,,24.440000534057617
166555,114716,91634,5918,449626,Shipped,2023-12-24 13:42:45+00:00,2023-12-27 12:55:00+00:00,,,24.5
122735,84519,67406,2456,331281,Processing,2023-12-04 14:10:19+00:00,,,,24.559999465942383
7361,5102,4042,14837,19891,Processing,2023-12-25 16:49:06+00:00,,,,24.90999984741211
136370,93883,74896,26285,368128,Complete,2023-10-18 13:55:42+00:00,2023-10-20 06:03:00+00:00,2023-10-22 17:08:00+00:00,,24.950000762939453
42167,29019,23178,20491,113770,Shipped,2023-11-20 11:42:21+00:00,2023-11-22 04:33:00+00:00,,,24.989999771118164
102330,70447,56272,6019,276049,Shipped,2023-11-25 00:41:50+00:00,2023-11-26 07:59:00+00:00,,,24.989999771118164
114719,79024,63034,17560,309601,Shipped,2023-10-09 00:19:52+00:00,2023-10-06 13:36:00+00:00,,,24.989999771118164
26234,18151,14455,22027,70765,Cancelled,2023-12-29 00:43:53+00:00,,,,25.0
171590,118143,94380,10803,463270,Cancelled,2023-11-11 16:50:01+00:00,,,,25.0
16100,11140,8920,23130,43474,Complete,2023-11-26 13:04:20+00:00,2023-11-28 08:32:00+00:00,2023-11-28 09:15:00+00:00,,25.0
23875,16521,13176,14790,64433,Complete,2023-12-29 17:48:10+00:00,2023-12-31 16:26:00+00:00,2024-01-03 02:29:00+00:00,,25.0
43209,29735,23758,21172,116540,Complete,2023-12-16 23:39:39+00:00,2023-12-16 21:38:00+00:00,2023-12-19 22:38:00+00:00,,25.0
44873,30870,24694,26416,121050,Complete,2023-12-16 06:24:22+00:00,2023-12-16 02:30:00+00:00,2023-12-20 07:43:00+00:00,,25.0
60628,41768,33388,16865,163620,Complete,2023-12-24 23:53:51+00:00,2023-12-26 02:43:00+00:00,2023-12-26 08:49:00+00:00,,25.0
36358,25034,19947,9514,98108,Processing,2023-12-01 03:14:49+00:00,,,,25.0
100676,69302,55376,4018,271618,Processing,2023-12-09 01:29:36+00:00,,,,25.0
100691,69312,55382,6521,271659,Processing,2023-12-21 06:31:01+00:00,,,,25.0
146695,101018,80635,10682,396039,Processing,2023-10-03 05:49:40+00:00,,,,25.0
161923,111526,89072,1557,437135,Processing,2023-12-14 09:59:43+00:00,,,,25.0
121505,83674,66742,6820,327953,Returned,2023-10-31 20:39:11+00:00,2023-10-28 10:06:00+00:00,2023-10-29 07:54:00+00:00,2023-10-31 08:27:00+00:00,25.0
159957,110170,88000,14594,431822,Returned,2023-10-25 15:38:55+00:00,2023-10-25 09:20:00+00:00,2023-10-28 23:00:00+00:00,2023-10-31 12:37:00+00:00,25.0
166581,114734,91649,26867,449699,Returned,2023-12-23 09:17:06+00:00,2023-12-21 17:34:00+00:00,2023-12-21 21:20:00+00:00,2023-12-21 21:35:00+00:00,25.0
8008,5558,4390,23427,21634,Shipped,2023-12-12 02:49:56+00:00,2023-12-14 15:02:00+00:00,,,25.0
11412,7877,6267,2986,30768,Shipped,2023-12-08 10:51:46+00:00,2023-12-09 05:57:00+00:00,,,25.0
27428,18962,15104,6712,73942,Shipped,2023-12-26 04:07:27+00:00,2023-12-29 02:49:00+00:00,,,25.0
31543,21771,17363,26649,85031,Shipped,2023-12-10 15:52:43+00:00,2023-12-09 04:38:00+00:00,,,25.0
37544,25861,20632,5581,101301,Shipped,2023-12-01 07:18:07+00:00,2023-12-03 16:47:00+00:00,,,25.0
57619,39665,31749,16299,155481,Shipped,2023-10-22 21:43:46+00:00,2023-10-24 19:11:00+00:00,,,25.0
58569,40332,32294,25749,158087,Shipped,2023-10-09 03:41:47+00:00,2023-10-11 22:03:00+00:00,,,25.0
62160,42808,34234,26216,167740,Shipped,2023-11-19 15:33:49+00:00,2023-11-18 07:01:00+00:00,,,25.0
77155,53075,42532,26848,208205,Shipped,2023-12-19 12:54:45+00:00,2023-12-19 23:23:00+00:00,,,25.0
79835,54943,44007,14465,215449,Shipped,2023-12-27 05:35:36+00:00,2023-12-28 01:48:00+00:00,,,25.0
83106,57177,45793,26768,224262,Shipped,2023-11-04 05:57:17+00:00,2023-11-06 01:24:00+00:00,,,25.0
83845,57691,46153,4900,226266,Shipped,2023-10-04 15:27:43+00:00,2023-10-06 03:43:00+00:00,,,25.0
88197,60676,48494,3896,238046,Shipped,2023-11-04 04:37:57+00:00,2023-11-06 09:32:00+00:00,,,25.0
94770,65178,52064,26830,255805,Shipped,2023-12-01 00:58:24+00:00,2023-12-03 13:52:00+00:00,,,25.0
123705,85180,67933,26109,333915,Shipped,2023-10-28 00:48:32+00:00,2023-10-29 09:50:00+00:00,,,25.0
146123,100618,80329,16941,394517,Shipped,2023-12-26 00:41:39+00:00,2023-12-27 17:33:00+00:00,,,25.0
176512,121554,97040,6734,476547,Shipped,2023-12-09 05:03:15+00:00,2023-12-10 21:01:00+00:00,,,25.0
179104,123359,98498,7162,483547,Shipped,2023-12-24 22:28:51+00:00,2023-12-23 03:40:00+00:00,,,25.0
77932,53604,42949,26167,210279,Returned,2023-12-07 07:09:10+00:00,2023-12-09 07:23:00+00:00,2023-12-11 20:52:00+00:00,2023-12-13 10:24:00+00:00,25.530000686645508
56028,38548,30867,7651,151188,Shipped,2023-11-07 07:31:57+00:00,2023-11-03 11:56:00+00:00,,,25.89999961853028
144495,99486,79427,9709,390115,Shipped,2023-12-15 11:19:37+00:00,2023-12-16 23:48:00+00:00,,,25.89999961853028
140393,96642,77121,8871,378992,Complete,2023-12-02 09:25:45+00:00,2023-12-02 16:44:00+00:00,2023-12-04 20:09:00+00:00,,25.950000762939453
68005,46789,37447,8158,183499,Complete,2023-11-02 18:39:24+00:00,2023-11-03 04:59:00+00:00,2023-11-03 11:29:00+00:00,,25.989999771118164
168309,115926,92589,5985,454413,Shipped,2023-12-07 04:44:58+00:00,2023-12-07 20:06:00+00:00,,,25.989999771118164
25883,17903,14260,26087,69820,Cancelled,2023-11-26 09:33:28+00:00,,,,26.0
166582,114734,91649,19050,449701,Returned,2023-12-24 06:55:46+00:00,2023-12-21 17:34:00+00:00,2023-12-21 21:20:00+00:00,2023-12-21 21:35:00+00:00,26.0
138075,95046,75832,26694,372697,Shipped,2023-10-23 00:35:32+00:00,2023-10-21 18:13:00+00:00,,,26.0
22020,15226,12191,27295,59455,Cancelled,2023-11-14 07:48:51+00:00,,,,26.450000762939453
65721,45215,36193,7865,177354,Processing,2023-10-27 06:05:35+00:00,,,,26.89999961853028
66841,45991,36820,10203,180380,Complete,2023-12-15 12:08:35+00:00,2023-12-15 07:06:00+00:00,2023-12-20 01:00:00+00:00,,26.989999771118164
77156,53075,42532,16833,208209,Shipped,2023-12-17 12:39:15+00:00,2023-12-19 23:23:00+00:00,,,26.989999771118164
86293,59347,47418,12748,232865,Shipped,2023-12-09 03:49:55+00:00,2023-12-10 06:03:00+00:00,,,26.989999771118164
11410,7877,6267,10519,30762,Shipped,2023-12-09 09:53:19+00:00,2023-12-09 05:57:00+00:00,,,27.0
103862,71527,57148,19938,280218,Cancelled,2023-11-19 07:53:31+00:00,,,,27.770000457763672
50045,34420,27577,14150,134997,Shipped,2023-10-18 16:26:51+00:00,2023-10-17 05:36:00+00:00,,,27.950000762939453
162152,111675,89206,22083,437746,Shipped,2023-11-27 13:58:23+00:00,2023-11-27 03:05:00+00:00,,,27.96999931335449
100427,69133,55255,22695,270959,Cancelled,2023-10-29 10:12:34+00:00,,,,27.989999771118164
157519,108453,86651,470,425233,Cancelled,2023-10-30 01:04:39+00:00,,,,27.989999771118164
66842,45991,36820,13901,180382,Complete,2023-12-12 12:41:34+00:00,2023-12-15 07:06:00+00:00,2023-12-20 01:00:00+00:00,,27.989999771118164
4910,3389,2703,5357,13278,Returned,2023-12-28 07:19:24+00:00,2023-12-30 10:24:00+00:00,2024-01-02 13:27:00+00:00,2024-01-05 06:54:00+00:00,27.989999771118164
9006,6228,4950,15799,24307,Returned,2023-11-13 09:01:06+00:00,2023-11-15 03:40:00+00:00,2023-11-17 07:04:00+00:00,2023-11-17 10:45:00+00:00,27.989999771118164
3160,2177,1767,25572,8517,Processing,2023-11-14 06:51:23+00:00,,,,28.0
10236,7060,5632,13926,27602,Shipped,2023-12-17 23:44:10+00:00,2023-12-20 22:19:00+00:00,,,28.0
22989,15917,12726,18159,62043,Shipped,2023-10-25 00:54:47+00:00,2023-10-27 00:20:00+00:00,,,28.0
107976,74393,59399,17681,291313,Shipped,2023-12-12 18:07:09+00:00,2023-12-12 13:13:00+00:00,,,28.43000030517578
3159,2177,1767,24467,8515,Processing,2023-11-16 07:41:32+00:00,,,,28.5
124773,85919,68527,16049,336825,Complete,2023-11-10 20:47:04+00:00,2023-11-08 08:17:00+00:00,2023-11-11 06:22:00+00:00,,29.0
77181,53090,42548,27829,208277,Processing,2023-12-06 06:01:59+00:00,,,,29.0
144412,99430,79379,10430,389890,Returned,2023-10-22 01:03:16+00:00,2023-10-19 16:17:00+00:00,2023-10-21 01:23:00+00:00,2023-10-21 15:49:00+00:00,29.0
120105,82720,66007,26259,324147,Shipped,2023-11-02 13:25:15+00:00,2023-11-04 05:32:00+00:00,,,29.0
48487,33351,26715,5635,130817,Cancelled,2023-11-30 23:15:55+00:00,,,,29.26000022888184
53649,36880,29546,13314,144760,Cancelled,2023-10-28 00:54:58+00:00,,,,29.5
26965,18650,14841,25933,72730,Complete,2023-11-23 08:18:23+00:00,2023-11-21 11:28:00+00:00,2023-11-26 09:15:00+00:00,,29.5
32946,22719,18127,16004,88823,Returned,2024-01-03 04:11:51+00:00,2024-01-02 03:05:00+00:00,2024-01-05 16:51:00+00:00,2024-01-08 10:20:00+00:00,29.5
159958,110170,88000,3035,431826,Returned,2023-10-22 16:14:41+00:00,2023-10-25 09:20:00+00:00,2023-10-28 23:00:00+00:00,2023-10-31 12:37:00+00:00,29.5
73815,50800,40699,26801,199166,Cancelled,2023-12-08 07:31:59+00:00,,,,29.950000762939453
181082,124754,99626,5602,488914,Cancelled,2023-12-14 03:26:54+00:00,,,,29.950000762939453
118103,81342,64882,22516,318719,Complete,2023-12-31 00:27:34+00:00,2023-12-30 00:00:00+00:00,2023-12-30 01:56:00+00:00,,29.950000762939453
162321,111800,89288,28212,438182,Complete,2023-12-30 02:37:19+00:00,2023-12-31 04:45:00+00:00,2024-01-02 09:55:00+00:00,,29.950000762939453
93980,64645,51648,16772,253665,Cancelled,2023-11-03 14:49:46+00:00,,,,29.989999771118164
32429,22371,17860,19203,87443,Complete,2023-11-21 01:48:32+00:00,2023-11-23 20:16:00+00:00,2023-11-27 07:19:00+00:00,,29.989999771118164
55579,38229,30609,7661,149966,Complete,2023-11-18 02:56:19+00:00,2023-11-19 11:42:00+00:00,2023-11-21 15:06:00+00:00,,29.989999771118164
159115,109570,87543,16664,429537,Complete,2023-10-05 22:05:51+00:00,2023-10-06 09:03:00+00:00,2023-10-08 00:23:00+00:00,,29.989999771118164
1081,737,588,20284,2965,Processing,2023-12-09 08:32:31+00:00,,,,29.989999771118164
40183,27651,22107,9298,108394,Processing,2023-11-17 05:19:31+00:00,,,,29.989999771118164
87027,59872,47835,27201,234877,Processing,2023-11-23 15:02:55+00:00,,,,29.989999771118164
15069,10429,8316,1626,40710,Returned,2023-12-10 22:16:11+00:00,2023-12-07 18:45:00+00:00,2023-12-10 14:16:00+00:00,2023-12-12 11:32:00+00:00,29.989999771118164
24353,16849,13435,17157,65720,Returned,2023-10-18 00:28:06+00:00,2023-10-18 01:08:00+00:00,2023-10-21 18:20:00+00:00,2023-10-22 18:51:00+00:00,29.989999771118164
40408,27799,22224,5207,109013,Returned,2023-11-08 12:49:42+00:00,2023-11-06 09:36:00+00:00,2023-11-10 18:05:00+00:00,2023-11-10 18:37:00+00:00,29.989999771118164
129234,88993,70930,6886,348889,Shipped,2023-12-29 12:57:12+00:00,2023-12-31 08:10:00+00:00,,,29.989999771118164
25882,17903,14260,24884,69818,Cancelled,2023-11-27 10:12:53+00:00,,,,30.0
42357,29147,23291,15401,114276,Cancelled,2023-10-04 08:14:42+00:00,,,,30.0
62025,42720,34165,15521,167370,Complete,2023-11-13 15:15:14+00:00,2023-11-13 23:59:00+00:00,2023-11-17 22:09:00+00:00,,30.0
98879,68058,54380,26758,266788,Complete,2023-12-11 14:19:28+00:00,2023-12-11 09:53:00+00:00,2023-12-11 15:06:00+00:00,,30.0
26115,18064,14388,1069,70440,Processing,2023-12-15 12:18:33+00:00,,,,30.0
155370,106986,85479,24884,419416,Processing,2023-12-05 14:22:22+00:00,,,,30.0
123608,85115,67880,27141,333643,Processing,2023-10-31 03:00:18+00:00,,,,30.450000762939453
134343,92465,73748,12380,362694,Shipped,2023-12-20 11:06:56+00:00,2023-12-23 08:09:00+00:00,,,30.950000762939453
176514,121554,97040,14439,476551,Shipped,2023-12-10 07:42:35+00:00,2023-12-10 21:01:00+00:00,,,31.0
148238,102069,81484,211,400216,Shipped,2023-10-13 23:35:08+00:00,2023-10-14 23:11:00+00:00,,,31.979999542236328
111495,76831,61292,13803,300850,Returned,2023-11-01 05:34:12+00:00,2023-11-04 03:36:00+00:00,2023-11-04 13:36:00+00:00,2023-11-07 01:52:00+00:00,31.989999771118164
14935,10337,8240,21539,40341,Shipped,2023-12-15 00:11:58+00:00,2023-12-13 02:54:00+00:00,,,31.989999771118164
71295,49022,39243,4673,192363,Shipped,2023-11-15 23:22:24+00:00,2023-11-16 03:51:00+00:00,,,31.989999771118164
12086,8361,6673,26643,32584,Processing,2023-12-19 00:57:26+00:00,,,,32.0
88601,60959,48747,15990,239143,Processing,2023-11-01 22:49:59+00:00,,,,32.0
141337,97289,77638,10691,381532,Processing,2023-10-07 07:49:01+00:00,,,,32.0
136456,93938,74935,25528,368355,Shipped,2023-12-04 09:16:16+00:00,2023-12-05 15:44:00+00:00,,,32.0
140319,96594,77088,15990,378785,Shipped,2023-11-29 10:30:27+00:00,2023-11-27 16:47:00+00:00,,,32.0
81387,56002,44858,20704,219638,Returned,2023-10-19 21:43:09+00:00,2023-10-21 01:59:00+00:00,2023-10-22 15:47:00+00:00,2023-10-24 08:38:00+00:00,32.5099983215332
79488,54701,43816,26840,214510,Processing,2023-10-31 18:07:32+00:00,,,,32.88999938964844
75872,52214,41840,21945,204731,Processing,2023-12-14 01:08:07+00:00,,,,32.900001525878906
147017,101250,80819,1710,396901,Complete,2023-11-20 08:55:18+00:00,2023-11-22 02:49:00+00:00,2023-11-23 02:01:00+00:00,,32.95000076293945
43043,29620,23665,1530,116099,Complete,2023-10-14 10:49:15+00:00,2023-10-17 11:42:00+00:00,2023-10-17 17:51:00+00:00,,32.9900016784668
97985,67445,53865,21819,264350,Complete,2023-10-01 14:12:22+00:00,2023-10-04 07:06:00+00:00,2023-10-05 02:30:00+00:00,,32.9900016784668
143697,98939,78932,15954,387921,Returned,2023-12-27 02:31:04+00:00,2023-12-27 17:47:00+00:00,2023-12-30 21:57:00+00:00,2024-01-01 20:05:00+00:00,32.9900016784668
80558,55436,44402,17650,217406,Shipped,2023-12-30 03:03:18+00:00,2023-12-30 18:11:00+00:00,,,32.9900016784668
14860,10285,8187,5410,40134,Complete,2023-12-22 21:19:05+00:00,2023-12-24 01:27:00+00:00,2023-12-28 09:09:00+00:00,,33.0
91890,63228,50553,15582,248015,Complete,2023-10-09 09:59:12+00:00,2023-10-12 00:42:00+00:00,2023-10-15 00:52:00+00:00,,33.0
16512,11414,9149,2954,44589,Processing,2023-11-09 15:28:18+00:00,,,,33.0
93032,64027,51160,28071,251126,Processing,2023-12-14 04:26:31+00:00,,,,33.0
137869,94911,75729,14856,372145,Processing,2023-12-18 08:58:17+00:00,,,,33.5
61271,42227,33757,19312,165354,Shipped,2023-12-20 02:00:16+00:00,2023-12-17 03:57:00+00:00,,,33.9900016784668
138076,95046,75832,27755,372701,Shipped,2023-10-22 23:42:45+00:00,2023-10-21 18:13:00+00:00,,,33.9900016784668
171850,118321,94506,15616,463955,Complete,2023-12-26 14:11:27+00:00,2023-12-29 00:33:00+00:00,2023-12-29 08:12:00+00:00,,34.0
97007,66754,53329,15616,261757,Shipped,2023-11-02 07:27:17+00:00,2023-10-31 23:54:00+00:00,,,34.0
158096,108855,86972,6329,426821,Shipped,2023-12-18 13:44:50+00:00,2023-12-20 19:57:00+00:00,,,34.0
74946,51593,41332,16703,202232,Complete,2023-12-12 00:47:36+00:00,2023-12-11 12:39:00+00:00,2023-12-13 23:38:00+00:00,,34.5
98878,68058,54380,16164,266786,Complete,2023-12-10 15:30:18+00:00,2023-12-11 09:53:00+00:00,2023-12-11 15:06:00+00:00,,34.5
60893,41959,33539,12389,164322,Shipped,2023-12-12 11:35:33+00:00,2023-12-14 04:11:00+00:00,,,34.599998474121094
49616,34140,27368,4914,133817,Complete,2023-11-24 15:09:51+00:00,2023-11-25 02:21:00+00:00,2023-11-28 05:56:00+00:00,,34.900001525878906
18476,12771,10259,27485,49888,Shipped,2023-11-18 08:37:17+00:00,2023-11-19 10:22:00+00:00,,,34.95000076293945
132191,90990,72565,22056,356885,Cancelled,2023-11-27 02:31:30+00:00,,,,34.9900016784668
145209,99985,79821,4803,392018,Cancelled,2023-12-05 16:11:26+00:00,,,,34.9900016784668
37484,25820,20601,10421,101128,Complete,2023-10-06 08:46:12+00:00,2023-10-06 19:48:00+00:00,2023-10-11 14:44:00+00:00,,34.9900016784668
181501,125048,99855,1084,489989,Complete,2023-12-20 14:28:06+00:00,2023-12-20 17:40:00+00:00,2023-12-25 08:45:00+00:00,,34.9900016784668
100693,69312,55382,499,271665,Processing,2023-12-20 06:18:11+00:00,,,,34.9900016784668
113594,78272,62446,14981,306519,Processing,2023-11-13 04:12:55+00:00,,,,34.9900016784668
15404,10667,8532,4989,41598,Returned,2023-10-30 09:34:43+00:00,2023-10-31 06:56:00+00:00,2023-10-31 15:39:00+00:00,2023-11-01 20:46:00+00:00,34.9900016784668
9648,6661,5304,15430,26024,Shipped,2023-11-10 04:29:03+00:00,2023-11-06 13:02:00+00:00,,,34.9900016784668
111153,76591,61113,6441,299947,Shipped,2023-12-12 10:12:18+00:00,2023-12-13 00:38:00+00:00,,,34.9900016784668
17879,12376,9939,22778,48271,Processing,2023-12-18 06:57:01+00:00,,,,35.0
136589,94028,75001,26568,368713,Shipped,2023-12-30 07:37:19+00:00,2023-12-31 21:21:00+00:00,,,35.0
126194,86919,69280,18389,340660,Shipped,2023-11-17 01:05:54+00:00,2023-11-17 00:53:00+00:00,,,35.16999816894531
147063,101282,80839,18877,397029,Shipped,2023-11-27 12:58:42+00:00,2023-11-28 00:28:00+00:00,,,35.4900016784668
75328,51854,41549,14845,203253,Complete,2023-12-29 22:02:31+00:00,2023-12-31 21:41:00+00:00,2024-01-03 02:55:00+00:00,,35.88999938964844
29656,20486,16334,28253,79927,Complete,2023-10-25 05:12:05+00:00,2023-10-27 05:03:00+00:00,2023-10-30 02:18:00+00:00,,35.959999084472656
139444,95991,76607,18008,376389,Processing,2023-10-26 00:33:49+00:00,,,,35.959999084472656
169994,117084,93538,1237,458955,Shipped,2023-12-06 04:24:21+00:00,2023-12-02 20:22:00+00:00,,,35.97999954223633
164898,113592,90709,13545,445137,Shipped,2023-11-18 23:57:39+00:00,2023-11-21 20:12:00+00:00,,,35.9900016784668
65809,45274,36237,10549,177601,Complete,2023-12-31 08:03:40+00:00,2024-01-03 07:07:00+00:00,2024-01-07 04:19:00+00:00,,36.0
35469,24418,19496,22819,95687,Processing,2023-12-16 11:18:57+00:00,,,,36.0
42202,29041,23197,10439,113860,Processing,2023-12-26 00:19:26+00:00,,,,36.0
108810,74985,59840,22766,293576,Processing,2023-10-06 05:08:35+00:00,,,,36.0
122736,84519,67406,11824,331283,Processing,2023-12-03 15:43:24+00:00,,,,36.0
15070,10429,8316,10208,40712,Returned,2023-12-08 22:09:16+00:00,2023-12-07 18:45:00+00:00,2023-12-10 14:16:00+00:00,2023-12-12 11:32:00+00:00,36.0
60843,41923,33515,19064,164179,Shipped,2023-12-14 11:23:21+00:00,2023-12-14 15:49:00+00:00,,,36.0
176544,121575,97056,2711,476631,Processing,2023-11-01 23:49:06+00:00,,,,36.9099998474121
32438,22377,17867,26548,87465,Complete,2023-10-12 08:01:09+00:00,2023-10-13 04:11:00+00:00,2023-10-17 20:06:00+00:00,,36.9900016784668
123966,85351,68065,2240,334623,Complete,2023-12-14 00:01:10+00:00,2023-12-15 07:11:00+00:00,2023-12-19 18:45:00+00:00,,36.9900016784668
48131,33108,26517,11126,129856,Shipped,2023-12-09 16:53:24+00:00,2023-12-07 17:46:00+00:00,,,37.43999862670898
2258,1534,1224,10375,6111,Shipped,2023-10-08 21:51:00+00:00,2023-10-08 05:09:00+00:00,,,37.459999084472656
67324,46319,37070,28029,181671,Shipped,2023-11-10 01:45:23+00:00,2023-11-07 21:23:00+00:00,,,37.5
77157,53075,42532,28029,208211,Shipped,2023-12-18 10:03:54+00:00,2023-12-19 23:23:00+00:00,,,37.5
98763,67969,54305,13759,266466,Cancelled,2023-11-20 12:07:20+00:00,,,,37.950000762939446
168310,115926,92589,2176,454417,Shipped,2023-12-07 04:01:59+00:00,2023-12-07 20:06:00+00:00,,,37.950000762939446
143010,98457,78568,1314,386063,Processing,2023-10-14 22:45:49+00:00,,,,37.9900016784668
166656,114791,91692,11992,449889,Processing,2023-11-21 12:14:38+00:00,,,,38.0
90081,61980,49535,8037,243114,Returned,2023-12-04 12:55:59+00:00,2023-12-05 08:23:00+00:00,2023-12-08 21:13:00+00:00,2023-12-11 01:47:00+00:00,38.9900016784668
88290,60746,48560,26765,238296,Shipped,2023-11-28 10:19:55+00:00,2023-11-30 04:42:00+00:00,,,39.0
159940,110160,87991,24678,431777,Shipped,2023-12-14 23:52:10+00:00,2023-12-16 00:37:00+00:00,,,39.0
167803,115580,92324,4639,453047,Processing,2023-11-23 14:37:14+00:00,,,,39.4099998474121
61270,42227,33757,17230,165352,Shipped,2023-12-17 05:16:20+00:00,2023-12-17 03:57:00+00:00,,,39.43999862670898
157520,108453,86651,6716,425235,Cancelled,2023-10-27 02:19:18+00:00,,,,39.450000762939446
36361,25034,19947,13383,98115,Processing,2023-12-01 04:19:23+00:00,,,,39.5
6587,4565,3606,12695,17832,Complete,2023-10-29 07:17:53+00:00,2023-10-30 01:03:00+00:00,2023-11-03 01:48:00+00:00,,39.93999862670898
31542,21771,17363,20578,85027,Shipped,2023-12-11 15:03:20+00:00,2023-12-09 04:38:00+00:00,,,39.950000762939446
91234,62780,50178,17137,246230,Complete,2023-10-20 17:03:59+00:00,2023-10-21 17:49:00+00:00,2023-10-25 09:33:00+00:00,,39.970001220703125
13740,9526,7599,21072,37090,Complete,2023-12-12 13:33:36+00:00,2023-12-15 03:12:00+00:00,2023-12-20 01:29:00+00:00,,39.9900016784668
40041,27568,22041,13805,108022,Complete,2023-12-04 11:59:51+00:00,2023-12-06 08:21:00+00:00,2023-12-08 08:24:00+00:00,,39.9900016784668
53019,36441,29219,18862,143018,Complete,2023-12-03 05:26:50+00:00,2023-12-04 16:51:00+00:00,2023-12-07 06:57:00+00:00,,39.9900016784668
115122,79305,63238,9975,310688,Complete,2023-10-08 01:19:08+00:00,2023-10-05 13:31:00+00:00,2023-10-06 06:32:00+00:00,,39.9900016784668
170667,117525,93899,15519,460755,Complete,2023-12-21 13:49:39+00:00,2023-12-23 02:27:00+00:00,2023-12-25 08:35:00+00:00,,39.9900016784668
82295,56604,45332,8699,222063,Processing,2023-12-06 05:34:44+00:00,,,,39.9900016784668
137870,94911,75729,5416,372148,Processing,2023-12-22 09:30:55+00:00,,,,39.9900016784668
147399,101495,81010,18290,397929,Returned,2023-11-24 09:34:45+00:00,2023-11-26 20:11:00+00:00,2023-11-28 04:02:00+00:00,2023-11-28 23:54:00+00:00,39.9900016784668
11413,7877,6267,3203,30770,Shipped,2023-12-10 11:16:59+00:00,2023-12-09 05:57:00+00:00,,,39.9900016784668
42344,29137,23278,1109,114244,Shipped,2023-12-26 00:26:58+00:00,2023-12-28 05:19:00+00:00,,,39.9900016784668
125015,86100,68670,13869,337455,Shipped,2023-12-24 16:59:59+00:00,2023-12-27 16:35:00+00:00,,,39.9900016784668
134372,92486,73765,17098,362776,Shipped,2023-10-17 16:49:13+00:00,2023-10-19 03:33:00+00:00,,,39.9900016784668
172648,118868,94939,5097,466137,Shipped,2023-11-20 11:41:51+00:00,2023-11-22 11:23:00+00:00,,,39.9900016784668
21901,15150,12133,28388,59135,Complete,2023-11-29 01:03:45+00:00,2023-11-27 20:06:00+00:00,2023-12-01 00:44:00+00:00,,40.0
124775,85919,68527,23240,336829,Complete,2023-11-11 22:48:56+00:00,2023-11-08 08:17:00+00:00,2023-11-11 06:22:00+00:00,,40.0
130975,90185,71910,16023,353577,Processing,2023-10-03 07:34:38+00:00,,,,40.0
166580,114734,91649,16645,449697,Returned,2023-12-23 08:01:45+00:00,2023-12-21 17:34:00+00:00,2023-12-21 21:20:00+00:00,2023-12-21 21:35:00+00:00,40.02000045776367
5423,3750,2979,12642,14702,Processing,2023-11-07 12:53:01+00:00,,,,40.369998931884766
169484,116733,93248,20763,457600,Shipped,2023-11-10 20:42:45+00:00,2023-11-12 21:11:00+00:00,,,40.540000915527344
155371,106986,85479,18369,419418,Processing,2023-12-03 16:48:41+00:00,,,,40.9900016784668
67025,46114,36921,12962,180867,Returned,2023-12-31 01:28:23+00:00,2024-01-02 05:03:00+00:00,2024-01-06 15:35:00+00:00,2024-01-08 17:09:00+00:00,41.560001373291016
69450,47760,38209,10013,187391,Processing,2023-12-23 17:48:29+00:00,,,,41.950000762939446
52608,36156,28985,11408,141937,Shipped,2023-10-16 07:49:56+00:00,2023-10-17 06:05:00+00:00,,,41.97999954223633
35467,24418,19496,17463,95683,Processing,2023-12-15 11:57:54+00:00,,,,41.9900016784668
40406,27799,22224,1721,109009,Returned,2023-11-07 14:06:46+00:00,2023-11-06 09:36:00+00:00,2023-11-10 18:05:00+00:00,2023-11-10 18:37:00+00:00,41.9900016784668
55151,37931,30381,2228,148809,Returned,2023-11-30 21:28:57+00:00,2023-12-01 07:03:00+00:00,2023-12-05 08:02:00+00:00,2023-12-06 23:16:00+00:00,41.9900016784668
2764,1885,1534,11346,7444,Complete,2023-10-06 06:33:45+00:00,2023-10-04 04:33:00+00:00,2023-10-07 03:44:00+00:00,,42.0
10490,7230,5761,18344,28293,Complete,2023-12-20 23:08:14+00:00,2023-12-23 09:31:00+00:00,2023-12-27 02:21:00+00:00,,42.0
51264,35250,28237,11132,138337,Complete,2023-10-31 02:01:15+00:00,2023-10-31 22:35:00+00:00,2023-11-04 03:22:00+00:00,,42.0
22073,15260,12211,14358,59592,Shipped,2023-10-15 12:42:36+00:00,2023-10-17 23:33:00+00:00,,,42.0
180366,124250,99232,13717,486985,Returned,2023-12-03 11:26:36+00:00,2023-12-06 01:55:00+00:00,2023-12-09 14:21:00+00:00,2023-12-11 02:44:00+00:00,42.52999877929688
68458,47095,37679,9685,184719,Shipped,2023-11-17 15:02:51+00:00,2023-11-18 21:06:00+00:00,,,42.950000762939446
112182,77306,61697,5220,302688,Shipped,2023-11-12 13:48:13+00:00,2023-11-14 00:25:00+00:00,,,42.9900016784668
97009,66754,53329,6964,261762,Shipped,2023-11-01 07:47:09+00:00,2023-10-31 23:54:00+00:00,,,43.0
95999,66037,52749,17213,259103,Complete,2023-11-25 15:00:58+00:00,2023-11-28 18:05:00+00:00,2023-12-02 04:44:00+00:00,,43.9900016784668
123433,84996,67797,4303,333178,Complete,2023-10-24 22:08:46+00:00,2023-10-23 11:00:00+00:00,2023-10-26 06:02:00+00:00,,43.9900016784668
91413,62900,50279,10420,246725,Shipped,2023-12-26 03:28:27+00:00,2023-12-23 14:45:00+00:00,,,43.9900016784668
22021,15226,12191,16094,59458,Cancelled,2023-11-15 06:41:33+00:00,,,,44.0
156896,108017,86306,3852,423548,Complete,2023-12-08 14:42:55+00:00,2023-12-09 18:20:00+00:00,2023-12-14 03:49:00+00:00,,44.0
137868,94911,75729,5431,372143,Processing,2023-12-21 09:16:43+00:00,,,,44.0
33901,23363,18656,11171,91449,Shipped,2023-12-23 04:15:39+00:00,2023-12-23 19:41:00+00:00,,,44.0
169992,117084,93538,14867,458949,Shipped,2023-12-06 03:37:16+00:00,2023-12-02 20:22:00+00:00,,,44.09999847412109
43210,29735,23758,27146,116542,Complete,2023-12-16 20:48:57+00:00,2023-12-16 21:38:00+00:00,2023-12-19 22:38:00+00:00,,44.27999877929688
26114,18064,14388,457,70437,Processing,2023-12-16 14:10:45+00:00,,,,44.5
133112,91609,73048,3918,359375,Cancelled,2023-12-06 09:09:22+00:00,,,,44.950000762939446
111152,76591,61113,10341,299945,Shipped,2023-12-12 11:43:14+00:00,2023-12-13 00:38:00+00:00,,,44.9900016784668
43211,29735,23758,26798,116546,Complete,2023-12-17 21:58:36+00:00,2023-12-16 21:38:00+00:00,2023-12-19 22:38:00+00:00,,45.0
44814,30830,24664,17324,120894,Complete,2023-11-05 16:19:02+00:00,2023-11-08 16:59:00+00:00,2023-11-13 02:10:00+00:00,,45.0
110021,75804,60479,22787,296875,Processing,2023-11-28 02:07:40+00:00,,,,45.0
52660,36195,29008,4768,142080,Shipped,2023-11-25 08:54:02+00:00,2023-11-25 13:11:00+00:00,,,45.0
168272,115900,92569,21679,454310,Shipped,2023-11-02 06:22:34+00:00,2023-11-03 20:47:00+00:00,,,45.09999847412109
155366,106982,85477,18386,419407,Shipped,2023-10-20 02:47:28+00:00,2023-10-21 11:22:00+00:00,,,45.119998931884766
168892,116333,92927,336,455967,Shipped,2023-12-06 04:26:18+00:00,2023-12-06 06:13:00+00:00,,,45.7400016784668
53600,36848,29523,11717,144624,Complete,2023-11-14 21:09:53+00:00,2023-11-11 14:34:00+00:00,2023-11-16 12:38:00+00:00,,46.0
156749,107922,86236,13207,423148,Complete,2023-10-20 03:27:27+00:00,2023-10-22 20:27:00+00:00,2023-10-27 00:13:00+00:00,,46.0
165451,113968,91018,26821,446627,Complete,2023-11-25 06:29:02+00:00,2023-11-27 03:01:00+00:00,2023-11-28 03:53:00+00:00,,46.0
20702,14344,11491,10497,55842,Returned,2023-11-17 07:30:56+00:00,2023-11-16 16:19:00+00:00,2023-11-20 03:43:00+00:00,2023-11-21 00:53:00+00:00,46.0
48133,33108,26517,153,129862,Shipped,2023-12-07 15:27:52+00:00,2023-12-07 17:46:00+00:00,,,46.450000762939446
21902,15150,12133,20668,59137,Complete,2023-11-27 01:24:13+00:00,2023-11-27 20:06:00+00:00,2023-12-01 00:44:00+00:00,,47.09999847412109
106084,73079,58353,4771,286263,Processing,2023-12-08 05:04:35+00:00,,,,47.09999847412109
110832,76378,60935,19587,299061,Shipped,2023-11-21 21:52:35+00:00,2023-11-24 17:15:00+00:00,,,47.25
52053,35784,28672,28888,140460,Processing,2023-10-08 00:20:48+00:00,,,,47.5
150570,103689,82805,1589,406501,Complete,2023-10-16 07:55:22+00:00,2023-10-16 17:41:00+00:00,2023-10-18 20:42:00+00:00,,48.0
164565,113360,90523,22366,444252,Processing,2023-11-26 02:06:14+00:00,,,,48.0
46118,31739,25402,27922,124410,Shipped,2023-12-30 15:35:25+00:00,2023-12-31 11:26:00+00:00,,,48.0
70996,48822,39082,22804,191579,Shipped,2023-11-29 21:49:45+00:00,2023-12-01 13:20:00+00:00,,,48.0
90289,62128,49653,18808,243682,Shipped,2023-11-09 08:05:11+00:00,2023-11-10 05:08:00+00:00,,,48.0
22480,15561,12454,3980,60670,Processing,2023-11-17 08:26:50+00:00,,,,48.119998931884766
87208,59993,47935,2219,235374,Processing,2023-12-25 00:12:37+00:00,,,,48.950000762939446
132382,91104,72657,17388,357390,Cancelled,2023-12-13 17:10:00+00:00,,,,49.0
66143,45512,36430,23001,178474,Cancelled,2023-11-23 08:44:37+00:00,,,,49.5
66737,45918,36761,27395,180100,Returned,2023-10-29 11:59:05+00:00,2023-10-30 07:27:00+00:00,2023-11-04 07:20:00+00:00,2023-11-06 12:03:00+00:00,49.5
90623,62349,49836,22849,244583,Shipped,2023-12-05 03:18:44+00:00,2023-12-05 23:56:00+00:00,,,49.5
176479,121531,97024,18695,476453,Shipped,2023-11-14 22:01:37+00:00,2023-11-15 09:47:00+00:00,,,49.5
178710,123097,98283,22741,482510,Shipped,2023-12-05 07:30:41+00:00,2023-12-05 09:23:00+00:00,,,49.79999923706056
52514,36094,28933,19461,141681,Cancelled,2023-12-05 01:08:48+00:00,,,,49.930000305175774
170567,117464,93839,2035,460488,Complete,2024-01-02 05:29:19+00:00,2023-12-30 22:21:00+00:00,2023-12-31 23:44:00+00:00,,49.950000762939446
20538,14223,11387,17795,55416,Shipped,2023-10-18 10:10:06+00:00,2023-10-19 03:27:00+00:00,,,49.950000762939446
171849,118321,94506,15210,463952,Complete,2023-12-28 11:59:04+00:00,2023-12-29 00:33:00+00:00,2023-12-29 08:12:00+00:00,,49.97999954223633
22134,15304,12247,4046,59746,Cancelled,2023-12-12 05:41:13+00:00,,,,49.9900016784668
136371,93883,74896,23955,368132,Complete,2023-10-20 16:35:25+00:00,2023-10-20 06:03:00+00:00,2023-10-22 17:08:00+00:00,,49.9900016784668
16731,11568,9275,18930,45187,Processing,2023-10-17 22:24:31+00:00,,,,49.9900016784668
100694,69312,55382,7878,271668,Processing,2023-12-17 05:35:43+00:00,,,,49.9900016784668
135155,93012,74196,7565,364868,Processing,2023-12-20 05:44:15+00:00,,,,49.9900016784668
171874,118342,94520,609,464022,Processing,2023-11-27 14:54:14+00:00,,,,49.9900016784668
142786,98304,78447,27044,385472,Returned,2023-12-19 11:37:34+00:00,2023-12-19 21:28:00+00:00,2023-12-20 05:30:00+00:00,2023-12-21 16:16:00+00:00,49.9900016784668
87747,60359,48251,27397,236823,Shipped,2023-12-31 09:15:22+00:00,2023-12-31 04:06:00+00:00,,,49.9900016784668
181174,124818,99670,13332,489151,Shipped,2023-10-16 11:16:54+00:00,2023-10-18 00:18:00+00:00,,,49.9900016784668
97150,66855,53417,19348,262123,Complete,2023-11-01 10:24:34+00:00,2023-10-29 14:22:00+00:00,2023-10-31 02:50:00+00:00,,50.0
40278,27718,22154,9680,108658,Returned,2023-11-25 02:05:04+00:00,2023-11-25 07:18:00+00:00,2023-11-27 16:29:00+00:00,2023-11-28 08:40:00+00:00,50.0
94761,65172,52059,17768,255787,Returned,2023-12-24 14:18:43+00:00,2023-12-22 13:47:00+00:00,2023-12-27 02:24:00+00:00,2023-12-28 20:36:00+00:00,50.0
91268,62805,50198,27096,246321,Shipped,2023-11-01 15:30:33+00:00,2023-11-03 14:52:00+00:00,,,50.0
98167,67571,53984,5065,264845,Shipped,2023-10-15 01:56:32+00:00,2023-10-17 18:09:00+00:00,,,50.0
59001,40634,32533,7807,159275,Shipped,2023-12-06 23:15:44+00:00,2023-12-04 20:12:00+00:00,,,50.540000915527344
156332,107636,86002,27843,422010,Processing,2023-12-28 10:32:27+00:00,,,,50.66999816894531
166453,114653,91589,27692,449357,Processing,2023-10-13 00:15:39+00:00,,,,52.0
85824,59044,47179,23874,231601,Returned,2023-11-03 01:10:20+00:00,2023-11-04 23:10:00+00:00,2023-11-05 06:50:00+00:00,2023-11-07 20:55:00+00:00,52.0
53503,36777,29460,12816,144347,Shipped,2023-11-29 12:26:29+00:00,2023-11-28 11:23:00+00:00,,,52.0
114718,79024,63034,22919,309598,Shipped,2023-10-06 00:22:13+00:00,2023-10-06 13:36:00+00:00,,,52.0
118657,81734,65178,4021,320218,Shipped,2023-12-27 01:08:51+00:00,2023-12-29 22:18:00+00:00,,,52.400001525878906
96908,66684,53271,14728,261493,Cancelled,2023-11-17 11:02:38+00:00,,,,53.5
159261,109675,87611,17020,429943,Complete,2023-11-24 04:02:02+00:00,2023-11-24 14:36:00+00:00,2023-11-28 00:52:00+00:00,,54.0
17840,12349,9916,23506,48165,Shipped,2023-10-17 15:23:02+00:00,2023-10-20 16:44:00+00:00,,,54.0
102763,70759,56525,21914,277227,Shipped,2023-12-24 12:40:55+00:00,2023-12-24 18:02:00+00:00,,,54.0
135320,93124,74288,27890,365307,Shipped,2023-12-09 04:27:37+00:00,2023-12-09 08:20:00+00:00,,,54.0
90897,62541,49991,20113,245329,Shipped,2023-12-18 08:09:52+00:00,2023-12-19 08:35:00+00:00,,,54.900001525878906
158279,108985,87095,27557,427319,Complete,2023-11-21 12:02:39+00:00,2023-11-24 07:33:00+00:00,2023-11-28 08:17:00+00:00,,54.930000305175774
170116,117160,93597,17409,459281,Shipped,2023-10-23 14:40:59+00:00,2023-10-23 20:10:00+00:00,,,54.950000762939446
49416,33996,27248,26963,133294,Processing,2023-12-04 03:55:29+00:00,,,,54.9900016784668
172314,118640,94767,2805,465203,Complete,2023-12-22 11:25:44+00:00,2023-12-22 21:55:00+00:00,2023-12-23 22:24:00+00:00,,55.0
96306,66258,52934,1666,259893,Processing,2023-11-07 17:10:28+00:00,,,,55.0
139443,95991,76607,17414,376386,Processing,2023-10-27 02:42:55+00:00,,,,55.0
55926,38480,30808,1850,150920,Shipped,2023-12-24 17:29:48+00:00,2023-12-26 00:03:00+00:00,,,55.9900016784668
176119,121292,96823,14468,475476,Cancelled,2023-12-14 10:48:45+00:00,,,,56.0
55493,38168,30563,17797,149737,Complete,2023-12-03 14:47:45+00:00,2023-12-05 20:32:00+00:00,2023-12-08 15:30:00+00:00,,56.0
151732,104474,83431,19560,409613,Complete,2023-11-24 08:54:07+00:00,2023-11-22 12:32:00+00:00,2023-11-23 05:04:00+00:00,,56.38999938964844
49513,34062,27314,7491,133551,Shipped,2023-12-03 23:10:34+00:00,2023-12-04 10:35:00+00:00,,,57.0
129618,89264,71141,21904,349909,Processing,2023-11-24 10:41:58+00:00,,,,57.630001068115234
127627,87882,70060,8787,344525,Shipped,2023-12-11 13:30:02+00:00,2023-12-13 19:43:00+00:00,,,57.9900016784668
88896,61154,48897,25643,239938,Shipped,2023-11-29 07:40:11+00:00,2023-12-01 12:18:00+00:00,,,58.0
90898,62541,49991,26364,245331,Shipped,2023-12-19 07:36:23+00:00,2023-12-19 08:35:00+00:00,,,58.0
142065,97804,78054,51,383524,Shipped,2023-12-12 15:31:48+00:00,2023-12-13 14:37:00+00:00,,,58.0
158835,109384,87390,13565,428797,Processing,2023-12-03 09:15:47+00:00,,,,58.5
69449,47760,38209,3167,187388,Processing,2023-12-23 17:21:47+00:00,,,,58.79999923706056
118658,81734,65178,3359,320221,Shipped,2023-12-28 22:48:01+00:00,2023-12-29 22:18:00+00:00,,,59.0
125797,86650,69078,27918,339567,Cancelled,2023-10-07 06:21:48+00:00,,,,59.450000762939446
18821,13008,10452,17,50807,Processing,2023-12-10 05:54:24+00:00,,,,59.5
167804,115580,92324,23,453049,Processing,2023-11-20 17:50:53+00:00,,,,59.5
94760,65172,52059,28134,255784,Returned,2023-12-22 15:38:07+00:00,2023-12-22 13:47:00+00:00,2023-12-27 02:24:00+00:00,2023-12-28 20:36:00+00:00,59.5
179103,123359,98498,1189,483545,Shipped,2023-12-23 21:04:13+00:00,2023-12-23 03:40:00+00:00,,,59.5
63114,43455,34777,7089,170278,Processing,2023-11-20 23:43:55+00:00,,,,59.950000762939446
136521,93982,74969,4270,368528,Processing,2023-10-24 10:14:00+00:00,,,,59.959999084472656
3591,2479,1999,15173,9701,Returned,2023-12-06 08:41:02+00:00,2023-12-07 16:23:00+00:00,2023-12-11 13:30:00+00:00,2023-12-11 13:42:00+00:00,59.97999954223633
39172,26982,21584,22092,105674,Complete,2023-10-17 00:20:10+00:00,2023-10-17 12:32:00+00:00,2023-10-22 05:08:00+00:00,,59.9900016784668
60629,41768,33388,20903,163622,Complete,2023-12-29 00:53:47+00:00,2023-12-26 02:43:00+00:00,2023-12-26 08:49:00+00:00,,59.9900016784668
76076,52365,41964,7310,205284,Complete,2023-12-21 00:26:25+00:00,2023-12-22 06:18:00+00:00,2023-12-26 08:04:00+00:00,,59.9900016784668
31389,21661,17271,26800,84610,Processing,2023-10-20 23:25:52+00:00,,,,59.9900016784668
142525,98124,78309,22759,384754,Processing,2023-12-06 14:32:19+00:00,,,,59.9900016784668
172568,118812,94899,10277,465913,Processing,2023-12-15 16:05:03+00:00,,,,59.9900016784668
42166,29019,23178,20903,113768,Shipped,2023-11-20 10:13:04+00:00,2023-11-22 04:33:00+00:00,,,59.9900016784668
138233,95156,75920,20300,373109,Complete,2023-12-05 09:11:08+00:00,2023-12-07 05:55:00+00:00,2023-12-08 16:16:00+00:00,,60.0
15348,10626,8492,17894,41449,Returned,2023-10-28 23:49:28+00:00,2023-10-27 21:01:00+00:00,2023-11-01 17:51:00+00:00,2023-11-02 02:39:00+00:00,60.0
78466,53976,43240,8809,211741,Shipped,2023-10-21 08:36:17+00:00,2023-10-20 17:28:00+00:00,,,60.0
130059,89561,71384,27637,351099,Cancelled,2023-12-09 07:40:33+00:00,,,,62.0
143269,98638,78705,27518,386770,Returned,2023-11-13 14:40:47+00:00,2023-11-14 22:54:00+00:00,2023-11-18 03:54:00+00:00,2023-11-19 01:04:00+00:00,62.0
143271,98638,78705,27717,386776,Returned,2023-11-15 14:29:04+00:00,2023-11-14 22:54:00+00:00,2023-11-18 03:54:00+00:00,2023-11-19 01:04:00+00:00,62.0
166579,114734,91649,27637,449693,Returned,2023-12-20 09:37:05+00:00,2023-12-21 17:34:00+00:00,2023-12-21 21:20:00+00:00,2023-12-21 21:35:00+00:00,62.0
52172,35860,28738,19481,140766,Cancelled,2023-11-19 11:54:09+00:00,,,,62.650001525878906
141338,97289,77638,8053,381536,Processing,2023-10-08 09:04:15+00:00,,,,62.9900016784668
14615,10131,8056,20599,39458,Returned,2023-12-24 09:45:54+00:00,2023-12-26 22:46:00+00:00,2023-12-29 08:19:00+00:00,2024-01-01 07:47:00+00:00,62.9900016784668
75327,51854,41549,2160,203249,Complete,2023-12-31 21:09:09+00:00,2023-12-31 21:41:00+00:00,2024-01-03 02:55:00+00:00,,63.0
143272,98638,78705,27148,386778,Returned,2023-11-17 14:19:39+00:00,2023-11-14 22:54:00+00:00,2023-11-18 03:54:00+00:00,2023-11-19 01:04:00+00:00,63.0
38891,26791,21402,2082,104909,Cancelled,2023-10-14 12:27:15+00:00,,,,64.0
114592,78939,62965,12994,309261,Cancelled,2023-10-23 03:43:26+00:00,,,,64.0
107045,73746,58874,10512,288806,Processing,2023-12-19 14:13:47+00:00,,,,64.0
162597,111995,89453,20574,438948,Processing,2023-12-12 06:27:58+00:00,,,,64.0
20968,14525,11617,6277,56575,Returned,2023-11-29 16:11:57+00:00,2023-12-02 12:16:00+00:00,2023-12-03 00:49:00+00:00,2023-12-04 15:27:00+00:00,64.0
20608,14277,11430,5886,55599,Shipped,2023-11-17 01:46:15+00:00,2023-11-17 14:26:00+00:00,,,64.0
48761,33538,26872,17299,131553,Complete,2023-12-21 04:36:07+00:00,2023-12-22 02:05:00+00:00,2023-12-24 18:35:00+00:00,,64.5
88600,60959,48747,23675,239139,Processing,2023-10-30 02:21:04+00:00,,,,64.69000244140625
17281,11959,9592,3057,46662,Processing,2023-12-26 07:42:11+00:00,,,,64.93000030517578
57098,39316,31482,16334,154072,Shipped,2023-11-05 11:00:08+00:00,2023-11-08 07:15:00+00:00,,,64.94999694824219
140318,96594,77088,23268,378783,Shipped,2023-11-27 09:52:29+00:00,2023-11-27 16:47:00+00:00,,,64.94999694824219
143270,98638,78705,23225,386772,Returned,2023-11-17 11:53:11+00:00,2023-11-14 22:54:00+00:00,2023-11-18 03:54:00+00:00,2023-11-19 01:04:00+00:00,65.0
139631,96119,76712,15702,376899,Shipped,2023-12-10 23:35:49+00:00,2023-12-13 07:52:00+00:00,,,65.0
100621,69264,55348,15163,271477,Shipped,2023-12-03 02:39:18+00:00,2023-12-04 05:05:00+00:00,,,65.94999694824219
113014,77878,62145,12731,304924,Shipped,2023-12-02 20:59:47+00:00,2023-12-04 04:18:00+00:00,,,65.94999694824219
96446,66363,53019,1545,260260,Complete,2023-12-31 08:54:32+00:00,2024-01-01 03:13:00+00:00,2024-01-03 00:05:00+00:00,,66.0
103539,71302,56960,23579,279342,Complete,2023-10-31 01:31:02+00:00,2023-11-02 01:33:00+00:00,2023-11-02 15:59:00+00:00,,66.0
114721,79024,63034,23952,309606,Shipped,2023-10-06 00:29:21+00:00,2023-10-06 13:36:00+00:00,,,66.0
179001,123293,98441,15665,483281,Complete,2023-12-09 13:41:23+00:00,2023-12-11 06:23:00+00:00,2023-12-12 18:13:00+00:00,,66.20999908447266
98881,68058,54380,26994,266794,Complete,2023-12-11 16:07:32+00:00,2023-12-11 09:53:00+00:00,2023-12-11 15:06:00+00:00,,66.5
156222,107556,85939,4867,421721,Processing,2023-11-12 13:31:05+00:00,,,,67.5
48386,33286,26663,3310,130547,Cancelled,2023-12-02 03:04:38+00:00,,,,67.98999786376953
157521,108453,86651,9830,425238,Cancelled,2023-10-27 23:57:31+00:00,,,,68.0
177419,122215,97555,11798,479031,Cancelled,2023-12-10 12:16:41+00:00,,,,68.0
156928,108040,86325,9764,423635,Shipped,2023-10-27 02:07:19+00:00,2023-10-28 20:59:00+00:00,,,68.0
110127,75882,60529,13086,297160,Cancelled,2023-12-03 10:06:40+00:00,,,,69.0
53193,36567,29306,3052,143490,Complete,2023-11-15 14:43:08+00:00,2023-11-15 21:05:00+00:00,2023-11-16 21:24:00+00:00,,69.0
121504,83674,66742,6769,327950,Returned,2023-10-28 20:58:21+00:00,2023-10-28 10:06:00+00:00,2023-10-29 07:54:00+00:00,2023-10-31 08:27:00+00:00,69.0
12444,8629,6894,5771,33570,Shipped,2023-11-02 22:47:24+00:00,2023-10-30 15:22:00+00:00,,,69.0
160825,110771,88482,10551,434142,Shipped,2023-10-02 11:32:53+00:00,2023-10-04 03:31:00+00:00,,,69.0
69526,47814,38256,21494,187596,Cancelled,2023-12-28 07:47:33+00:00,,,,69.5
156554,107786,86117,26962,422628,Processing,2023-12-23 09:56:41+00:00,,,,69.5
14936,10337,8240,17291,40344,Shipped,2023-12-15 22:46:36+00:00,2023-12-13 02:54:00+00:00,,,69.5
44874,30870,24694,20054,121052,Complete,2023-12-14 08:32:47+00:00,2023-12-16 02:30:00+00:00,2023-12-20 07:43:00+00:00,,69.94999694824219
144237,99319,79273,7691,389404,Complete,2023-10-30 13:59:54+00:00,2023-10-31 08:47:00+00:00,2023-11-05 02:17:00+00:00,,69.98999786376953
160724,110704,88435,13236,433859,Processing,2023-12-04 04:28:17+00:00,,,,71.0
87746,60359,48251,23467,236821,Shipped,2024-01-01 07:49:26+00:00,2023-12-31 04:06:00+00:00,,,71.25
172570,118812,94899,9569,465919,Processing,2023-12-15 12:14:46+00:00,,,,71.9000015258789
96699,66540,53155,7070,260938,Complete,2023-11-28 07:31:28+00:00,2023-11-30 01:09:00+00:00,2023-12-04 17:26:00+00:00,,72.0
22479,15561,12454,11684,60668,Processing,2023-11-15 07:30:43+00:00,,,,72.0
26778,18521,14731,10054,72223,Processing,2023-11-30 02:12:14+00:00,,,,72.0
53504,36777,29460,10665,144349,Shipped,2023-11-26 12:26:03+00:00,2023-11-28 11:23:00+00:00,,,72.0
68457,47095,37679,9459,184717,Shipped,2023-11-16 13:40:11+00:00,2023-11-18 21:06:00+00:00,,,72.0
32945,22719,18127,23678,88819,Returned,2024-01-01 06:17:46+00:00,2024-01-02 03:05:00+00:00,2024-01-05 16:51:00+00:00,2024-01-08 10:20:00+00:00,72.13999938964845
13180,9144,7291,22614,35561,Cancelled,2023-11-07 23:43:45+00:00,,,,73.55000305175781
22042,15240,12198,13170,59515,Cancelled,2024-01-01 14:23:11+00:00,,,,73.94999694824217
40277,27718,22154,352,108656,Returned,2023-11-24 02:53:22+00:00,2023-11-25 07:18:00+00:00,2023-11-27 16:29:00+00:00,2023-11-28 08:40:00+00:00,74.0
39060,26902,21505,28991,105369,Complete,2023-11-12 23:02:23+00:00,2023-11-13 04:33:00+00:00,2023-11-16 02:30:00+00:00,,75.0
162322,111800,89288,27528,438185,Complete,2024-01-02 00:43:51+00:00,2023-12-31 04:45:00+00:00,2024-01-02 09:55:00+00:00,,75.0
156430,107704,86058,20979,422279,Processing,2023-10-31 10:33:49+00:00,,,,75.0
12443,8629,6894,11471,33566,Shipped,2023-11-02 00:53:07+00:00,2023-10-30 15:22:00+00:00,,,75.0
97008,66754,53329,1223,261759,Shipped,2023-11-01 08:05:41+00:00,2023-10-31 23:54:00+00:00,,,75.0
148239,102069,81484,582,400218,Shipped,2023-10-15 02:07:24+00:00,2023-10-14 23:11:00+00:00,,,75.0
105707,72814,58138,24429,285227,Returned,2023-12-02 10:34:04+00:00,2023-12-04 02:15:00+00:00,2023-12-04 14:16:00+00:00,2023-12-04 22:03:00+00:00,75.80999755859375
15403,10667,8532,9208,41596,Returned,2023-10-29 09:42:18+00:00,2023-10-31 06:56:00+00:00,2023-10-31 15:39:00+00:00,2023-11-01 20:46:00+00:00,76.0
34896,24023,19177,26875,94165,Complete,2023-11-02 05:15:19+00:00,2023-11-04 09:01:00+00:00,2023-11-07 13:36:00+00:00,,76.30000305175781
62026,42720,34165,7197,167372,Complete,2023-11-16 16:08:53+00:00,2023-11-13 23:59:00+00:00,2023-11-17 22:09:00+00:00,,76.7300033569336
55802,38385,30736,18136,150582,Complete,2023-10-23 10:33:43+00:00,2023-10-22 00:28:00+00:00,2023-10-25 10:45:00+00:00,,77.98999786376953
52055,35784,28672,16704,140464,Processing,2023-10-07 22:08:20+00:00,,,,77.98999786376953
14932,10335,8239,14872,40333,Complete,2023-11-22 10:54:54+00:00,2023-11-25 02:55:00+00:00,2023-11-27 17:56:00+00:00,,78.0
139257,95874,76506,4633,375874,Complete,2023-12-06 13:13:52+00:00,2023-12-04 07:26:00+00:00,2023-12-08 03:41:00+00:00,,78.0
177718,122415,97712,11799,479830,Complete,2023-12-25 00:55:19+00:00,2023-12-26 08:06:00+00:00,2023-12-28 14:10:00+00:00,,78.0
159117,109570,87543,20900,429543,Complete,2023-10-08 01:03:55+00:00,2023-10-06 09:03:00+00:00,2023-10-08 00:23:00+00:00,,79.0
69448,47760,38209,1313,187386,Processing,2023-12-21 15:48:06+00:00,,,,79.0
167806,115580,92324,4726,453053,Processing,2023-11-21 15:34:38+00:00,,,,79.0
170915,117693,94025,1073,461428,Complete,2023-12-17 10:25:50+00:00,2023-12-18 07:00:00+00:00,2023-12-22 23:58:00+00:00,,79.5
51261,35247,28235,22289,138329,Shipped,2023-12-01 00:37:07+00:00,2023-12-03 22:03:00+00:00,,,79.5
16513,11414,9149,8323,44592,Processing,2023-11-10 16:25:55+00:00,,,,79.94999694824217
115121,79305,63238,7900,310685,Complete,2023-10-06 00:11:33+00:00,2023-10-05 13:31:00+00:00,2023-10-06 06:32:00+00:00,,79.98999786376953
25158,17406,13854,2106,67896,Processing,2023-12-29 11:50:48+00:00,,,,79.98999786376953
130706,90001,71734,21878,352851,Processing,2023-10-25 12:05:24+00:00,,,,79.98999786376953
55925,38480,30808,7956,150918,Shipped,2023-12-27 14:15:54+00:00,2023-12-26 00:03:00+00:00,,,79.98999786376953
2500,1703,1370,22519,6744,Processing,2023-11-14 02:45:05+00:00,,,,80.0
148008,101915,81352,20799,399586,Processing,2023-12-13 01:49:42+00:00,,,,80.0
20701,14344,11491,13594,55840,Returned,2023-11-17 06:36:11+00:00,2023-11-16 16:19:00+00:00,2023-11-20 03:43:00+00:00,2023-11-21 00:53:00+00:00,80.0
48080,33076,26492,7064,129711,Complete,2023-10-18 18:22:24+00:00,2023-10-21 14:58:00+00:00,2023-10-21 15:57:00+00:00,,81.0
111154,76591,61113,6759,299949,Shipped,2023-12-10 13:08:08+00:00,2023-12-13 00:38:00+00:00,,,81.77999877929686
173963,119787,95629,19759,469670,Complete,2023-12-08 01:12:19+00:00,2023-12-09 17:53:00+00:00,2023-12-12 20:05:00+00:00,,81.9000015258789
4651,3205,2568,12862,12578,Cancelled,2023-10-21 09:01:29+00:00,,,,81.98999786376953
78467,53976,43240,4610,211743,Shipped,2023-10-19 09:21:41+00:00,2023-10-20 17:28:00+00:00,,,84.0
26964,18650,14841,17674,72727,Complete,2023-11-20 07:12:28+00:00,2023-11-21 11:28:00+00:00,2023-11-26 09:15:00+00:00,,84.94999694824217
118104,81342,64882,22581,318722,Complete,2023-12-26 22:32:38+00:00,2023-12-30 00:00:00+00:00,2023-12-30 01:56:00+00:00,,84.98999786376953
15347,10626,8492,21858,41447,Returned,2023-10-28 23:56:38+00:00,2023-10-27 21:01:00+00:00,2023-11-01 17:51:00+00:00,2023-11-02 02:39:00+00:00,84.98999786376953
24354,16849,13435,18138,65722,Returned,2023-10-19 01:09:04+00:00,2023-10-18 01:08:00+00:00,2023-10-21 18:20:00+00:00,2023-10-22 18:51:00+00:00,85.0
159392,109766,87687,19713,430294,Shipped,2023-11-12 07:22:32+00:00,2023-11-13 15:21:00+00:00,,,85.0
22481,15561,12454,4718,60673,Processing,2023-11-17 07:39:22+00:00,,,,85.5
119283,82169,65546,28205,321908,Shipped,2023-11-09 21:35:54+00:00,2023-11-08 11:14:00+00:00,,,85.5999984741211
69451,47760,38209,14051,187395,Processing,2023-12-24 18:31:16+00:00,,,,85.83000183105469
75984,52298,41919,23158,205028,Cancelled,2023-12-04 11:52:06+00:00,,,,87.5
47736,32850,26304,13815,128795,Returned,2023-12-14 03:30:17+00:00,2023-12-15 03:00:00+00:00,2023-12-19 05:32:00+00:00,2023-12-19 19:58:00+00:00,88.0
108025,74429,59426,18440,291451,Cancelled,2023-11-10 08:40:11+00:00,,,,88.98999786376953
15709,10868,8699,17527,42427,Returned,2023-11-09 09:23:50+00:00,2023-11-11 16:32:00+00:00,2023-11-13 10:45:00+00:00,2023-11-14 07:57:00+00:00,89.0
92256,63475,50739,17744,249004,Shipped,2023-10-15 13:25:53+00:00,2023-10-17 19:32:00+00:00,,,89.0
109141,75204,60013,3140,294482,Shipped,2023-11-10 12:23:10+00:00,2023-11-11 14:08:00+00:00,,,89.0
174137,119908,95723,795,470135,Shipped,2023-12-20 22:58:09+00:00,2023-12-21 19:29:00+00:00,,,89.0
154127,106114,84743,21103,416063,Returned,2023-11-17 13:59:07+00:00,2023-11-19 00:13:00+00:00,2023-11-22 12:00:00+00:00,2023-11-25 04:40:00+00:00,89.5
70404,48403,38731,17688,189985,Shipped,2023-11-15 02:08:19+00:00,2023-11-14 10:11:00+00:00,,,89.5
88895,61154,48897,22562,239934,Shipped,2023-11-29 06:01:50+00:00,2023-12-01 12:18:00+00:00,,,89.5
139094,95757,76411,1270,375427,Shipped,2023-10-08 06:03:14+00:00,2023-10-06 10:45:00+00:00,,,89.94999694824217
144496,99486,79427,12553,390118,Shipped,2023-12-17 11:15:07+00:00,2023-12-16 23:48:00+00:00,,,89.94999694824217
173596,119519,95416,12553,468690,Shipped,2023-10-28 04:39:47+00:00,2023-10-27 07:20:00+00:00,,,89.94999694824217
26963,18650,14841,20292,72724,Complete,2023-11-23 07:57:29+00:00,2023-11-21 11:28:00+00:00,2023-11-26 09:15:00+00:00,,89.98999786376953
153524,105718,84429,20381,414442,Processing,2023-12-11 06:14:10+00:00,,,,89.98999786376953
145655,100287,80061,10233,393253,Shipped,2023-12-07 03:58:12+00:00,2023-12-08 09:27:00+00:00,,,89.98999786376953
139256,95874,76506,891,375872,Complete,2023-12-02 13:11:17+00:00,2023-12-04 07:26:00+00:00,2023-12-08 03:41:00+00:00,,92.5
136522,93982,74969,1518,368532,Processing,2023-10-21 11:44:53+00:00,,,,94.0
135970,93596,74655,14869,367051,Shipped,2023-10-04 15:19:05+00:00,2023-10-05 21:33:00+00:00,,,94.0
98911,68082,54404,23743,266870,Processing,2023-11-05 02:42:00+00:00,,,,94.98999786376952
43816,30156,24094,882,118182,Shipped,2023-12-17 22:58:48+00:00,2023-12-19 17:58:00+00:00,,,95.0
45838,31544,25234,19210,123644,Returned,2023-11-14 09:38:02+00:00,2023-11-15 03:00:00+00:00,2023-11-19 16:17:00+00:00,2023-11-20 01:11:00+00:00,95.98999786376952
103314,71142,56815,16792,278726,Processing,2023-11-14 10:03:34+00:00,,,,96.0
40184,27651,22107,13435,108397,Processing,2023-11-18 06:01:04+00:00,,,,97.0
40405,27799,22224,13986,109006,Returned,2023-11-05 14:18:54+00:00,2023-11-06 09:36:00+00:00,2023-11-10 18:05:00+00:00,2023-11-10 18:37:00+00:00,97.94999694824216
2762,1885,1534,7369,7438,Complete,2023-10-06 08:20:29+00:00,2023-10-04 04:33:00+00:00,2023-10-07 03:44:00+00:00,,98.0
123434,84996,67797,3436,333182,Complete,2023-10-23 23:53:01+00:00,2023-10-23 11:00:00+00:00,2023-10-26 06:02:00+00:00,,98.0
159116,109570,87543,22338,429540,Complete,2023-10-07 00:46:35+00:00,2023-10-06 09:03:00+00:00,2023-10-08 00:23:00+00:00,,98.0
87207,59993,47935,4999,235370,Processing,2023-12-27 23:35:22+00:00,,,,98.0
56187,38671,30967,21241,151625,Shipped,2023-10-20 06:14:39+00:00,2023-10-22 13:57:00+00:00,,,98.0
75185,51757,41472,19227,202867,Shipped,2023-12-07 16:58:06+00:00,2023-12-10 04:47:00+00:00,,,98.0
181083,124754,99626,8066,488916,Cancelled,2023-12-11 02:00:08+00:00,,,,98.08000183105467
74945,51593,41332,26099,202228,Complete,2023-12-09 23:55:06+00:00,2023-12-11 12:39:00+00:00,2023-12-13 23:38:00+00:00,,98.27999877929688
130061,89561,71384,20847,351103,Cancelled,2023-12-13 09:37:32+00:00,,,,99.0
108270,74609,59558,2573,292115,Complete,2023-11-16 10:02:44+00:00,2023-11-17 20:24:00+00:00,2023-11-19 19:19:00+00:00,,99.0
1082,737,588,16030,2967,Processing,2023-12-11 05:59:33+00:00,,,,99.0
181446,125014,99831,4469,489844,Processing,2023-11-30 06:59:53+00:00,,,,99.0
60844,41923,33515,20691,164181,Shipped,2023-12-16 13:07:48+00:00,2023-12-14 15:49:00+00:00,,,99.0
62161,42808,34234,23045,167743,Shipped,2023-11-18 18:49:51+00:00,2023-11-18 07:01:00+00:00,,,99.61000061035156
35468,24418,19496,17683,95685,Processing,2023-12-15 13:48:01+00:00,,,,99.94999694824216
21031,14570,11650,13876,56757,Processing,2023-11-05 00:13:41+00:00,,,,99.98999786376952
74987,51619,41352,3639,202339,Processing,2023-11-23 07:57:40+00:00,,,,99.98999786376952
131356,90428,72088,20390,354616,Processing,2023-10-22 09:58:37+00:00,,,,99.98999786376952
153523,105718,84429,17462,414440,Processing,2023-12-14 06:55:01+00:00,,,,99.98999786376952
153453,105673,84398,24012,414252,Shipped,2023-12-16 03:35:27+00:00,2023-12-15 12:04:00+00:00,,,99.98999786376952
39093,26927,21528,8509,105465,Complete,2023-11-04 02:00:03+00:00,2023-11-06 05:55:00+00:00,2023-11-10 09:14:00+00:00,,100.0
170566,117464,93839,8465,460485,Complete,2024-01-02 07:35:46+00:00,2023-12-30 22:21:00+00:00,2023-12-31 23:44:00+00:00,,100.0
100674,69302,55376,10634,271614,Processing,2023-12-09 22:58:49+00:00,,,,100.0
56027,38548,30867,3845,151186,Shipped,2023-11-03 08:41:29+00:00,2023-11-03 11:56:00+00:00,,,104.98999786376952
17279,11959,9592,5071,46657,Processing,2023-12-23 05:30:34+00:00,,,,105.0
101083,69582,55602,28531,272713,Shipped,2023-11-17 02:19:48+00:00,2023-11-19 13:11:00+00:00,,,105.0
13515,9373,7493,23959,36473,Shipped,2023-10-01 12:50:03+00:00,2023-10-04 07:42:00+00:00,,,109.98999786376952
17282,11959,9592,8457,46664,Processing,2023-12-25 07:07:25+00:00,,,,110.0
160015,110213,88042,23802,431980,Shipped,2023-10-18 05:36:41+00:00,2023-10-17 04:32:00+00:00,,,110.0
52671,36204,29016,8440,142109,Returned,2023-12-15 01:55:29+00:00,2023-12-16 17:03:00+00:00,2023-12-20 21:50:00+00:00,2023-12-23 07:34:00+00:00,112.5
75983,52298,41919,23930,205025,Cancelled,2023-12-08 10:53:58+00:00,,,,117.2699966430664
22478,15561,12454,929,60665,Processing,2023-11-16 08:37:55+00:00,,,,117.5
17280,11959,9592,4252,46660,Processing,2023-12-26 08:02:24+00:00,,,,119.0
39951,27511,21995,22166,107763,Shipped,2023-12-29 14:32:49+00:00,2024-01-01 08:47:00+00:00,,,119.0
80559,55436,44402,21551,217409,Shipped,2024-01-03 03:11:05+00:00,2023-12-30 18:11:00+00:00,,,119.0
13179,9144,7291,19913,35559,Cancelled,2023-11-05 01:27:52+00:00,,,,119.98999786376952
1037,706,564,23852,2841,Processing,2023-10-18 10:05:35+00:00,,,,119.98999786376952
53650,36880,29546,2670,144763,Cancelled,2023-10-25 01:31:38+00:00,,,,122.22000122070312
45424,31253,25024,8150,122519,Processing,2023-11-20 06:21:57+00:00,,,,122.59999847412108
153699,105841,84516,15740,414909,Shipped,2023-12-10 10:55:58+00:00,2023-12-12 15:36:00+00:00,,,124.5
1038,706,564,23798,2844,Processing,2023-10-20 12:12:12+00:00,,,,125.0
37499,25831,20613,18029,101174,Processing,2023-12-17 07:01:53+00:00,,,,125.0
105760,72855,58169,24079,285374,Shipped,2023-11-11 23:48:03+00:00,2023-11-14 03:59:00+00:00,,,126.62999725341795
47149,32448,25978,12829,127194,Cancelled,2023-11-18 09:30:53+00:00,,,,128.0
40181,27651,22107,3377,108388,Processing,2023-11-16 06:55:59+00:00,,,,128.0
137871,94911,75729,3945,372150,Processing,2023-12-19 06:07:24+00:00,,,,128.0
42730,29404,23505,8105,115278,Shipped,2023-12-13 02:42:32+00:00,2023-12-14 04:37:00+00:00,,,128.0
143100,98523,78619,3565,386302,Complete,2023-10-14 00:45:09+00:00,2023-10-13 07:16:00+00:00,2023-10-16 02:34:00+00:00,,128.5
52607,36155,28985,8045,141934,Complete,2023-11-08 08:08:09+00:00,2023-11-11 05:08:00+00:00,2023-11-12 05:54:00+00:00,,129.0
166657,114791,91692,10119,449891,Processing,2023-11-19 10:29:52+00:00,,,,129.74000549316406
181084,124754,99626,4136,488918,Cancelled,2023-12-10 04:16:50+00:00,,,,129.99000549316406
5085,3514,2801,15530,13753,Complete,2023-10-15 17:55:50+00:00,2023-10-17 19:50:00+00:00,2023-10-18 04:58:00+00:00,,129.99000549316406
155623,107159,85617,24026,420098,Returned,2023-12-10 14:53:07+00:00,2023-12-11 22:43:00+00:00,2023-12-15 13:22:00+00:00,2023-12-16 15:57:00+00:00,129.99000549316406
80913,55671,44590,23945,218366,Shipped,2023-12-28 10:09:14+00:00,2023-12-30 15:32:00+00:00,,,129.99000549316406
70418,48415,38742,12799,190022,Cancelled,2023-10-31 14:14:10+00:00,,,,131.0
148659,102375,81751,7638,401349,Complete,2023-10-29 01:01:32+00:00,2023-10-29 17:51:00+00:00,2023-11-01 21:37:00+00:00,,131.3000030517578
60008,41328,33053,4738,161958,Returned,2023-12-01 12:39:49+00:00,2023-12-02 21:54:00+00:00,2023-12-06 19:43:00+00:00,2023-12-07 21:43:00+00:00,132.66000366210938
15707,10868,8699,24076,42423,Returned,2023-11-10 09:23:49+00:00,2023-11-11 16:32:00+00:00,2023-11-13 10:45:00+00:00,2023-11-14 07:57:00+00:00,133.0
18475,12771,10259,24076,49886,Shipped,2023-11-21 05:20:21+00:00,2023-11-19 10:22:00+00:00,,,133.0
139442,95991,76607,23746,376382,Processing,2023-10-23 01:17:58+00:00,,,,134.9499969482422
134694,92699,73944,13240,363633,Processing,2023-12-25 11:06:11+00:00,,,,138.0
31279,21592,17208,23666,84320,Cancelled,2023-12-10 13:56:13+00:00,,,,139.9499969482422
160216,110354,88162,1447,432499,Shipped,2023-11-20 12:09:01+00:00,2023-11-22 00:33:00+00:00,,,139.99000549316406
80307,55254,44256,15984,216725,Shipped,2023-12-28 03:25:44+00:00,2023-12-29 23:24:00+00:00,,,142.94000244140625
161918,111522,89069,24143,437119,Complete,2023-11-14 07:13:48+00:00,2023-11-16 03:51:00+00:00,2023-11-17 18:58:00+00:00,,145.0
106370,73272,58513,1952,287017,Returned,2023-10-26 09:02:37+00:00,2023-10-29 03:13:00+00:00,2023-10-29 15:55:00+00:00,2023-10-30 09:47:00+00:00,145.0
152672,105131,83960,8712,412151,Complete,2023-11-23 04:16:14+00:00,2023-11-23 04:55:00+00:00,2023-11-24 12:15:00+00:00,,145.13999938964844
15708,10868,8699,21468,42425,Returned,2023-11-12 08:42:19+00:00,2023-11-11 16:32:00+00:00,2023-11-13 10:45:00+00:00,2023-11-14 07:57:00+00:00,146.89999389648438
130789,90056,71782,4498,353077,Shipped,2023-10-29 05:28:38+00:00,2023-10-29 14:08:00+00:00,,,148.0
39094,26927,21528,3222,105467,Complete,2023-11-07 02:32:01+00:00,2023-11-06 05:55:00+00:00,2023-11-10 09:14:00+00:00,,148.99000549316406
114720,79024,63034,24227,309604,Shipped,2023-10-07 22:23:16+00:00,2023-10-06 13:36:00+00:00,,,149.97000122070312
75985,52298,41919,20304,205030,Cancelled,2023-12-05 12:40:09+00:00,,,,149.99000549316406
147329,101442,80969,22275,397749,Complete,2023-11-02 00:47:14+00:00,2023-11-04 19:08:00+00:00,2023-11-05 01:45:00+00:00,,149.99000549316406
66178,45532,36444,9771,178565,Processing,2023-10-22 09:37:54+00:00,,,,150.0
153521,105718,84429,20324,414434,Processing,2023-12-11 06:31:20+00:00,,,,150.0
33900,23363,18656,15404,91445,Shipped,2023-12-22 08:03:39+00:00,2023-12-23 19:41:00+00:00,,,150.0
172271,118609,94742,23888,465088,Shipped,2023-10-14 13:35:41+00:00,2023-10-17 04:03:00+00:00,,,150.0
97010,66754,53329,5610,261764,Shipped,2023-11-03 06:52:41+00:00,2023-10-31 23:54:00+00:00,,,152.0
130058,89561,71384,21253,351096,Cancelled,2023-12-09 08:24:41+00:00,,,,154.0
16983,11757,9422,4611,45869,Returned,2023-10-09 15:09:35+00:00,2023-10-08 16:38:00+00:00,2023-10-10 16:59:00+00:00,2023-10-12 10:53:00+00:00,154.0
4230,2924,2358,20820,11436,Shipped,2023-11-08 13:06:22+00:00,2023-11-09 06:45:00+00:00,,,155.0
107975,74393,59399,24181,291311,Shipped,2023-12-10 15:45:50+00:00,2023-12-12 13:13:00+00:00,,,155.0
2259,1534,1224,71,6113,Shipped,2023-10-08 22:35:58+00:00,2023-10-08 05:09:00+00:00,,,158.0
146978,101219,80792,20935,396794,Shipped,2023-12-05 07:00:58+00:00,2023-12-07 10:28:00+00:00,,,158.0
171875,118342,94520,7378,464024,Processing,2023-11-25 14:10:30+00:00,,,,167.0
84569,58191,46521,21591,228223,Shipped,2023-11-10 14:09:21+00:00,2023-11-13 02:02:00+00:00,,,167.0
70403,48403,38731,20288,189982,Shipped,2023-11-14 03:59:52+00:00,2023-11-14 10:11:00+00:00,,,169.5
139093,95757,76411,4536,375425,Shipped,2023-10-08 07:33:39+00:00,2023-10-06 10:45:00+00:00,,,172.0
120104,82720,66007,23826,324145,Shipped,2023-11-04 12:23:07+00:00,2023-11-04 05:32:00+00:00,,,175.0
126195,86919,69280,24191,340662,Shipped,2023-11-16 22:27:43+00:00,2023-11-17 00:53:00+00:00,,,175.0
77247,53136,42574,8220,208459,Processing,2023-11-02 07:31:58+00:00,,,,179.0
77154,53075,42532,20087,208202,Shipped,2023-12-18 11:19:54+00:00,2023-12-19 23:23:00+00:00,,,179.0
181238,124867,99712,989,489309,Returned,2023-11-24 12:06:35+00:00,2023-11-24 19:28:00+00:00,2023-11-29 00:44:00+00:00,2023-11-30 17:42:00+00:00,179.9499969482422
326,221,175,5579,904,Processing,2023-11-03 05:45:22+00:00,,,,179.99000549316406
79817,54930,43995,5297,215402,Complete,2023-11-16 01:44:53+00:00,2023-11-18 11:52:00+00:00,2023-11-18 21:34:00+00:00,,180.0
89678,61699,49324,4547,242031,Processing,2023-10-21 23:10:46+00:00,,,,189.0
69542,47824,38261,24413,187642,Shipped,2023-12-09 12:58:22+00:00,2023-12-11 07:37:00+00:00,,,189.94999694824216
98188,67587,53993,19522,264902,Complete,2023-12-05 10:25:13+00:00,2023-12-06 03:00:00+00:00,2023-12-07 23:18:00+00:00,,190.0
181175,124818,99670,1404,489153,Shipped,2023-10-20 11:52:37+00:00,2023-10-18 00:18:00+00:00,,,190.0
117453,80903,64518,21344,316972,Processing,2023-11-18 18:12:40+00:00,,,,195.0
141060,97094,77483,27126,380779,Cancelled,2023-10-17 18:03:54+00:00,,,,195.3000030517578
153454,105673,84398,20886,414256,Shipped,2023-12-16 03:02:35+00:00,2023-12-15 12:04:00+00:00,,,195.9900054931641
168647,116164,92786,21428,455315,Complete,2023-12-07 15:18:06+00:00,2023-12-10 12:24:00+00:00,2023-12-10 14:24:00+00:00,,198.0
56425,38841,31114,23931,152263,Shipped,2023-12-25 03:00:08+00:00,2023-12-27 20:26:00+00:00,,,199.9900054931641
67325,46319,37070,21483,181674,Shipped,2023-11-08 01:57:32+00:00,2023-11-07 21:23:00+00:00,,,208.6000061035156
4694,3239,2593,14090,12693,Shipped,2023-12-30 08:21:34+00:00,2023-12-30 13:43:00+00:00,,,209.94999694824216
31390,21661,17271,18481,84613,Processing,2023-10-17 22:31:08+00:00,,,,209.9900054931641
124774,85919,68527,24044,336827,Complete,2023-11-08 22:57:25+00:00,2023-11-08 08:17:00+00:00,2023-11-11 06:22:00+00:00,,229.9900054931641
23182,16036,12811,28540,62550,Processing,2023-10-08 15:56:56+00:00,,,,243.0
139445,95991,76607,21571,376392,Processing,2023-10-25 03:21:11+00:00,,,,264.0
155372,106986,85479,20044,419421,Processing,2023-12-06 15:00:56+00:00,,,,269.989990234375
123432,84996,67797,333,333176,Complete,2023-10-23 01:31:02+00:00,2023-10-23 11:00:00+00:00,2023-10-26 06:02:00+00:00,,275.0
79487,54701,43816,18449,214508,Processing,2023-11-01 16:06:59+00:00,,,,285.0
37483,25820,20601,5323,101124,Complete,2023-10-04 10:11:39+00:00,2023-10-06 19:48:00+00:00,2023-10-11 14:44:00+00:00,,288.0
25134,17388,13838,20269,67842,Cancelled,2023-12-10 09:35:01+00:00,,,,295.0
119284,82169,65546,20414,321910,Shipped,2023-11-09 21:10:01+00:00,2023-11-08 11:14:00+00:00,,,298.0
48130,33108,26517,8681,129852,Shipped,2023-12-08 14:20:09+00:00,2023-12-07 17:46:00+00:00,,,299.0
164637,113413,90568,5052,444440,Shipped,2023-10-25 12:29:54+00:00,2023-10-27 14:38:00+00:00,,,326.0
167018,115036,91883,8442,450885,Processing,2023-11-19 01:00:59+00:00,,,,349.0
140320,96594,77088,19641,378789,Shipped,2023-11-25 12:00:48+00:00,2023-11-27 16:47:00+00:00,,,349.98001098632807
131589,90587,72239,21114,355246,Returned,2023-12-11 02:33:15+00:00,2023-12-12 14:09:00+00:00,2023-12-17 10:49:00+00:00,2023-12-18 00:36:00+00:00,368.0
86842,59733,47704,24195,234357,Processing,2023-12-14 15:28:49+00:00,,,,429.0
135154,93012,74196,8425,364865,Processing,2023-12-19 05:05:39+00:00,,,,695.0
